<?xml version="1.0" encoding="UTF-8"?>
<rdf:RDF xmlns:eu="http://iec.ch/TC57/CIM100-European#" xmlns:rdf="http://www.w3.org/1999/02/22-rdf-syntax-ns#" xmlns:cim="http://iec.ch/TC57/CIM100#" xmlns:md="http://iec.ch/TC57/61970-552/ModelDescription/1#">
    <md:FullModel rdf:about="urn:uuid:dafc8ab7-c6cf-4d53-8d04-9d33d6892112">
        <md:Model.scenarioTime>2021-02-09T19:30:00Z</md:Model.scenarioTime>
        <md:Model.created>2023-06-02T12:24:11Z</md:Model.created>
        <md:Model.description>CGMES Conformity Assessment Test Configuration. The Test Configuration is owned by ENTSO-E and is provided by ENTSO-E “as it is”. To the fullest extent permitted by law, ENTSO-E shall not be liable for any damages of any kind arising out of the use of the model (including any of its subsequent modifications). ENTSO-E neither warrants, nor represents that the use of the model will not infringe the rights of third parties. Any use of the model shall include a reference to ENTSO-E. ENTSO-E web site is the only official source of information related to the model.</md:Model.description>
        <md:Model.version>6</md:Model.version>
        <md:Model.DependentOn rdf:resource="urn:uuid:d8ba63a9-4453-45dc-9273-a8a01ff49269"/>
        <md:Model.profile>http://iec.ch/TC57/ns/CIM/SteadyStateHypothesis-EU/3.0</md:Model.profile>
        <md:Model.modelingAuthoritySet>http://elia.be/CGMES</md:Model.modelingAuthoritySet>
    </md:FullModel>
    <cim:ConformLoad rdf:about="#_1c6beed6-1acf-42e7-ba55-0cc9f04bddd8">
        <cim:EnergyConsumer.p>200</cim:EnergyConsumer.p>
        <cim:EnergyConsumer.q>50</cim:EnergyConsumer.q>
    </cim:ConformLoad>
    <cim:ConformLoad rdf:about="#_cb459405-cc14-4215-a45c-416789205904">
        <cim:EnergyConsumer.p>200</cim:EnergyConsumer.p>
        <cim:EnergyConsumer.q>90</cim:EnergyConsumer.q>
    </cim:ConformLoad>
    <cim:ConformLoad rdf:about="#_b1480a00-b427-4001-a26c-51954d2bb7e9">
        <cim:EnergyConsumer.p>1</cim:EnergyConsumer.p>
        <cim:EnergyConsumer.q>0</cim:EnergyConsumer.q>
    </cim:ConformLoad>
    <cim:ConformLoad rdf:about="#_69add5b4-70bd-4360-8a93-286256c0d38b">
        <cim:EnergyConsumer.p>90</cim:EnergyConsumer.p>
        <cim:EnergyConsumer.q>280</cim:EnergyConsumer.q>
    </cim:ConformLoad>
    <cim:ConformLoad rdf:about="#_b1e03a8f-6a11-4454-af58-4a4a680e857f">
        <cim:EnergyConsumer.p>486</cim:EnergyConsumer.p>
        <cim:EnergyConsumer.q>230</cim:EnergyConsumer.q>
    </cim:ConformLoad>
    <cim:ConformLoad rdf:about="#_25ab1b5b-6803-47e2-805a-ab7b2072e034">
        <cim:EnergyConsumer.p>10</cim:EnergyConsumer.p>
        <cim:EnergyConsumer.q>10</cim:EnergyConsumer.q>
    </cim:ConformLoad>
    <cim:PhaseTapChangerTabular rdf:about="#_ee649b97-d2ec-47e1-976f-0f4d9f50fa11">
        <cim:TapChanger.controlEnabled>false</cim:TapChanger.controlEnabled>
        <cim:TapChanger.step>17</cim:TapChanger.step>
    </cim:PhaseTapChangerTabular>
    <cim:PhaseTapChangerTabular rdf:about="#_341327c4-9224-40bf-bc33-7a3bb0bae680">
        <cim:TapChanger.controlEnabled>false</cim:TapChanger.controlEnabled>
        <cim:TapChanger.step>8</cim:TapChanger.step>
    </cim:PhaseTapChangerTabular>
    <cim:RatioTapChanger rdf:about="#_83cc66dd-8d93-4a2c-8103-f1f5a9cf7e2e">
        <cim:TapChanger.controlEnabled>false</cim:TapChanger.controlEnabled>
        <cim:TapChanger.step>14</cim:TapChanger.step>
    </cim:RatioTapChanger>
    <cim:PhaseTapChangerTabular rdf:about="#_63454a73-f439-45bb-951a-e7b193986571">
        <cim:TapChanger.controlEnabled>false</cim:TapChanger.controlEnabled>
        <cim:TapChanger.step>10</cim:TapChanger.step>
    </cim:PhaseTapChangerTabular>
    <cim:PhaseTapChangerTabular rdf:about="#_36b83adb-3d45-4693-8967-96627b5f9ec9">
        <cim:TapChanger.controlEnabled>false</cim:TapChanger.controlEnabled>
        <cim:TapChanger.step>10</cim:TapChanger.step>
    </cim:PhaseTapChangerTabular>
    <cim:RatioTapChanger rdf:about="#_44b4277a-0f4b-43a8-ad93-6f7d6ef02061">
        <cim:TapChanger.controlEnabled>false</cim:TapChanger.controlEnabled>
        <cim:TapChanger.step>5</cim:TapChanger.step>
    </cim:RatioTapChanger>
    <cim:RatioTapChanger rdf:about="#_fe25f43a-7341-446e-a71a-8ab7119ba806">
        <cim:TapChanger.controlEnabled>false</cim:TapChanger.controlEnabled>
        <cim:TapChanger.step>17</cim:TapChanger.step>
    </cim:RatioTapChanger>
    <cim:SynchronousMachine rdf:about="#_550ebe0d-f2b2-48c1-991f-cebea43a21aa">
        <cim:RegulatingCondEq.controlEnabled>true</cim:RegulatingCondEq.controlEnabled>
        <cim:RotatingMachine.p>-118</cim:RotatingMachine.p>
        <cim:RotatingMachine.q>-18.7203</cim:RotatingMachine.q>
        <cim:SynchronousMachine.referencePriority>0</cim:SynchronousMachine.referencePriority>
        <cim:SynchronousMachine.operatingMode rdf:resource="http://iec.ch/TC57/CIM100#SynchronousMachineOperatingMode.generator"/>
    </cim:SynchronousMachine>
    <cim:SynchronousMachine rdf:about="#_3a3b27be-b18b-4385-b557-6735d733baf0">
        <cim:RegulatingCondEq.controlEnabled>true</cim:RegulatingCondEq.controlEnabled>
        <cim:RotatingMachine.p>-90</cim:RotatingMachine.p>
        <cim:RotatingMachine.q>-100.256</cim:RotatingMachine.q>
        <cim:SynchronousMachine.referencePriority>0</cim:SynchronousMachine.referencePriority>
        <cim:SynchronousMachine.operatingMode rdf:resource="http://iec.ch/TC57/CIM100#SynchronousMachineOperatingMode.generator"/>
    </cim:SynchronousMachine>
    <cim:SynchronousMachine rdf:about="#_2844585c-0d35-488d-a449-685bcd57afbf">
        <cim:RegulatingCondEq.controlEnabled>true</cim:RegulatingCondEq.controlEnabled>
        <cim:RotatingMachine.p>-140</cim:RotatingMachine.p>
        <cim:RotatingMachine.q>-77.743</cim:RotatingMachine.q>
        <cim:SynchronousMachine.referencePriority>0</cim:SynchronousMachine.referencePriority>
        <cim:SynchronousMachine.operatingMode rdf:resource="http://iec.ch/TC57/CIM100#SynchronousMachineOperatingMode.generator"/>
    </cim:SynchronousMachine>
    <cim:SynchronousMachine rdf:about="#_1dc9afba-23b5-41a0-8540-b479ed8baf4b">
        <cim:RegulatingCondEq.controlEnabled>true</cim:RegulatingCondEq.controlEnabled>
        <cim:RotatingMachine.p>-150</cim:RotatingMachine.p>
        <cim:RotatingMachine.q>-83.296</cim:RotatingMachine.q>
        <cim:SynchronousMachine.referencePriority>0</cim:SynchronousMachine.referencePriority>
        <cim:SynchronousMachine.operatingMode rdf:resource="http://iec.ch/TC57/CIM100#SynchronousMachineOperatingMode.generator"/>
    </cim:SynchronousMachine>
    <cim:SynchronousMachine rdf:about="#_9c3b8f97-7972-477d-9dc8-87365cc0ad0e">
        <cim:RegulatingCondEq.controlEnabled>true</cim:RegulatingCondEq.controlEnabled>
        <cim:RotatingMachine.p>-600.4927</cim:RotatingMachine.p>
        <cim:RotatingMachine.q>-386.9225</cim:RotatingMachine.q>
        <cim:SynchronousMachine.referencePriority>1</cim:SynchronousMachine.referencePriority>
        <cim:SynchronousMachine.operatingMode rdf:resource="http://iec.ch/TC57/CIM100#SynchronousMachineOperatingMode.generator"/>
    </cim:SynchronousMachine>
    <cim:LinearShuntCompensator rdf:about="#_d771118f-36e9-4115-a128-cc3d9ce3e3da">
        <cim:ShuntCompensator.sections>1</cim:ShuntCompensator.sections>
        <cim:RegulatingCondEq.controlEnabled>false</cim:RegulatingCondEq.controlEnabled>
    </cim:LinearShuntCompensator>
    <cim:LinearShuntCompensator rdf:about="#_fbfed7e3-3dec-4829-a286-029e73535685">
        <cim:ShuntCompensator.sections>1</cim:ShuntCompensator.sections>
        <cim:RegulatingCondEq.controlEnabled>false</cim:RegulatingCondEq.controlEnabled>
    </cim:LinearShuntCompensator>
    <cim:NonlinearShuntCompensator rdf:about="#_002b0a40-3957-46db-b84a-30420083558f">
        <cim:ShuntCompensator.sections>1</cim:ShuntCompensator.sections>
        <cim:RegulatingCondEq.controlEnabled>false</cim:RegulatingCondEq.controlEnabled>
    </cim:NonlinearShuntCompensator>
    <cim:RegulatingControl rdf:about="#_04f338d3-3c0d-433f-a77b-e36dd256f0f0">
        <cim:RegulatingControl.discrete>false</cim:RegulatingControl.discrete>
        <cim:RegulatingControl.enabled>true</cim:RegulatingControl.enabled>
        <cim:RegulatingControl.targetDeadband>0</cim:RegulatingControl.targetDeadband>
        <cim:RegulatingControl.targetValue>16.0335</cim:RegulatingControl.targetValue>
        <cim:RegulatingControl.targetValueUnitMultiplier rdf:resource="http://iec.ch/TC57/CIM100#UnitMultiplier.k"/>
    </cim:RegulatingControl>
    <cim:RegulatingControl rdf:about="#_bee06911-8d5c-44c4-b2d2-5c22a461b5a0">
        <cim:RegulatingControl.discrete>true</cim:RegulatingControl.discrete>
        <cim:RegulatingControl.enabled>false</cim:RegulatingControl.enabled>
        <cim:RegulatingControl.targetDeadband>0.5</cim:RegulatingControl.targetDeadband>
        <cim:RegulatingControl.targetValue>380</cim:RegulatingControl.targetValue>
        <cim:RegulatingControl.targetValueUnitMultiplier rdf:resource="http://iec.ch/TC57/CIM100#UnitMultiplier.k"/>
    </cim:RegulatingControl>
    <cim:RegulatingControl rdf:about="#_1b3c88f9-c2ca-4250-bd37-ae0efa2fb022">
        <cim:RegulatingControl.discrete>false</cim:RegulatingControl.discrete>
        <cim:RegulatingControl.enabled>true</cim:RegulatingControl.enabled>
        <cim:RegulatingControl.targetDeadband>0</cim:RegulatingControl.targetDeadband>
        <cim:RegulatingControl.targetValue>16.01775</cim:RegulatingControl.targetValue>
        <cim:RegulatingControl.targetValueUnitMultiplier rdf:resource="http://iec.ch/TC57/CIM100#UnitMultiplier.k"/>
    </cim:RegulatingControl>
    <cim:RegulatingControl rdf:about="#_84bf5be8-eb59-4555-b131-fce4d2d7775d">
        <cim:RegulatingControl.discrete>false</cim:RegulatingControl.discrete>
        <cim:RegulatingControl.enabled>true</cim:RegulatingControl.enabled>
        <cim:RegulatingControl.targetDeadband>0</cim:RegulatingControl.targetDeadband>
        <cim:RegulatingControl.targetValue>21.987</cim:RegulatingControl.targetValue>
        <cim:RegulatingControl.targetValueUnitMultiplier rdf:resource="http://iec.ch/TC57/CIM100#UnitMultiplier.k"/>
    </cim:RegulatingControl>
    <cim:TapChangerControl rdf:about="#_f43499bf-6bf3-483d-ae2a-e46d696a66b2">
        <cim:RegulatingControl.discrete>true</cim:RegulatingControl.discrete>
        <cim:RegulatingControl.enabled>false</cim:RegulatingControl.enabled>
        <cim:RegulatingControl.targetDeadband>1.625</cim:RegulatingControl.targetDeadband>
        <cim:RegulatingControl.targetValue>-65</cim:RegulatingControl.targetValue>
        <cim:RegulatingControl.targetValueUnitMultiplier rdf:resource="http://iec.ch/TC57/CIM100#UnitMultiplier.M"/>
    </cim:TapChangerControl>
    <cim:RegulatingControl rdf:about="#_4d50f86d-0d12-4ca3-9430-56bb05f9eee6">
        <cim:RegulatingControl.discrete>true</cim:RegulatingControl.discrete>
        <cim:RegulatingControl.enabled>false</cim:RegulatingControl.enabled>
        <cim:RegulatingControl.targetDeadband>0.5</cim:RegulatingControl.targetDeadband>
        <cim:RegulatingControl.targetValue>110</cim:RegulatingControl.targetValue>
        <cim:RegulatingControl.targetValueUnitMultiplier rdf:resource="http://iec.ch/TC57/CIM100#UnitMultiplier.k"/>
    </cim:RegulatingControl>
    <cim:RegulatingControl rdf:about="#_53e7a6c7-759b-4da2-898a-1c061d788670">
        <cim:RegulatingControl.discrete>false</cim:RegulatingControl.discrete>
        <cim:RegulatingControl.enabled>true</cim:RegulatingControl.enabled>
        <cim:RegulatingControl.targetDeadband>0</cim:RegulatingControl.targetDeadband>
        <cim:RegulatingControl.targetValue>16.01775</cim:RegulatingControl.targetValue>
        <cim:RegulatingControl.targetValueUnitMultiplier rdf:resource="http://iec.ch/TC57/CIM100#UnitMultiplier.k"/>
    </cim:RegulatingControl>
    <cim:RegulatingControl rdf:about="#_6ba406ce-78cf-4485-9b01-a34e584f1a8d">
        <cim:RegulatingControl.discrete>false</cim:RegulatingControl.discrete>
        <cim:RegulatingControl.enabled>true</cim:RegulatingControl.enabled>
        <cim:RegulatingControl.targetDeadband>0</cim:RegulatingControl.targetDeadband>
        <cim:RegulatingControl.targetValue>115.5</cim:RegulatingControl.targetValue>
        <cim:RegulatingControl.targetValueUnitMultiplier rdf:resource="http://iec.ch/TC57/CIM100#UnitMultiplier.k"/>
    </cim:RegulatingControl>
    <cim:RegulatingControl rdf:about="#_613dfeb3-0161-4cec-aaa9-ccddd885771b">
        <cim:RegulatingControl.discrete>true</cim:RegulatingControl.discrete>
        <cim:RegulatingControl.enabled>false</cim:RegulatingControl.enabled>
        <cim:RegulatingControl.targetDeadband>0.5</cim:RegulatingControl.targetDeadband>
        <cim:RegulatingControl.targetValue>400</cim:RegulatingControl.targetValue>
        <cim:RegulatingControl.targetValueUnitMultiplier rdf:resource="http://iec.ch/TC57/CIM100#UnitMultiplier.k"/>
    </cim:RegulatingControl>
    <cim:GeneratingUnit rdf:about="#_18993b11-2966-4bce-bab9-d86103f83b53">
        <cim:GeneratingUnit.normalPF>0</cim:GeneratingUnit.normalPF>
    </cim:GeneratingUnit>
    <cim:GeneratingUnit rdf:about="#_5b7a4d43-09ec-4033-882d-64a76d557631">
        <cim:GeneratingUnit.normalPF>0</cim:GeneratingUnit.normalPF>
    </cim:GeneratingUnit>
    <cim:GeneratingUnit rdf:about="#_049438a6-780a-44fe-a788-ebe385d98e25">
        <cim:GeneratingUnit.normalPF>1</cim:GeneratingUnit.normalPF>
    </cim:GeneratingUnit>
    <cim:GeneratingUnit rdf:about="#_b850063d-eae7-4675-bc98-4642d3076783">
        <cim:GeneratingUnit.normalPF>0</cim:GeneratingUnit.normalPF>
    </cim:GeneratingUnit>
    <cim:GeneratingUnit rdf:about="#_ca80ee09-3bed-4884-bc28-6dc89d067289">
        <cim:GeneratingUnit.normalPF>0</cim:GeneratingUnit.normalPF>
    </cim:GeneratingUnit>
    <cim:Breaker rdf:about="#_0a84038e-1952-4d9d-9909-3b49c364a1ac">
        <cim:Switch.open>false</cim:Switch.open>
    </cim:Breaker>
    <cim:Breaker rdf:about="#_6b564930-b5e2-49d3-9d06-e1de28d6fd65">
        <cim:Switch.open>false</cim:Switch.open>
    </cim:Breaker>
    <cim:Breaker rdf:about="#_484536e9-762a-49a3-9970-d60b9fae03fe">
        <cim:Switch.open>false</cim:Switch.open>
    </cim:Breaker>
    <cim:Breaker rdf:about="#_969470b9-e74c-40d2-b3f7-bcfd88400fd1">
        <cim:Switch.open>false</cim:Switch.open>
    </cim:Breaker>
    <cim:Breaker rdf:about="#_fd136c65-d001-41a1-adc7-c5430b5c5e72">
        <cim:Switch.open>false</cim:Switch.open>
    </cim:Breaker>
    <cim:Breaker rdf:about="#_2922c1dd-4113-466e-8cad-002572f3f557">
        <cim:Switch.open>false</cim:Switch.open>
    </cim:Breaker>
    <cim:Breaker rdf:about="#_0e8cd279-ad5d-485a-b3a9-093ae8714b72">
        <cim:Switch.open>false</cim:Switch.open>
    </cim:Breaker>
    <cim:Breaker rdf:about="#_3b394dab-ab47-4022-98be-8123c6dfe7d4">
        <cim:Switch.open>false</cim:Switch.open>
    </cim:Breaker>
    <cim:Breaker rdf:about="#_96c2b5c8-8e28-4b08-96d2-ca9b09cdbd83">
        <cim:Switch.open>false</cim:Switch.open>
    </cim:Breaker>
    <cim:Breaker rdf:about="#_ddc148fc-3abd-459d-aec1-396283e0def6">
        <cim:Switch.open>false</cim:Switch.open>
    </cim:Breaker>
    <cim:Breaker rdf:about="#_6e86cd52-4594-435e-92ce-6dc673288ab4">
        <cim:Switch.open>false</cim:Switch.open>
    </cim:Breaker>
    <cim:Breaker rdf:about="#_14d55344-c118-4f54-a430-72f16d12bf7b">
        <cim:Switch.open>false</cim:Switch.open>
    </cim:Breaker>
    <cim:Breaker rdf:about="#_38dfcc80-600f-44e2-8f71-fb595b4f00ac">
        <cim:Switch.open>false</cim:Switch.open>
    </cim:Breaker>
    <cim:Breaker rdf:about="#_a603d890-5d9d-42ef-98d0-acf47d121c0e">
        <cim:Switch.open>false</cim:Switch.open>
    </cim:Breaker>
    <cim:Breaker rdf:about="#_925a3a38-cd26-4f89-8891-c5bc8494e1ae">
        <cim:Switch.open>false</cim:Switch.open>
    </cim:Breaker>
    <cim:Breaker rdf:about="#_5a094c9f-0af5-48dc-94e9-89c6c220023c">
        <cim:Switch.open>true</cim:Switch.open>
    </cim:Breaker>
    <cim:Breaker rdf:about="#_bac0aa59-1318-4032-b192-15a8d49283ee">
        <cim:Switch.open>false</cim:Switch.open>
    </cim:Breaker>
    <cim:Breaker rdf:about="#_5f5d40ae-d52d-4631-9285-b3ceefff784c">
        <cim:Switch.open>false</cim:Switch.open>
    </cim:Breaker>
    <cim:Breaker rdf:about="#_21ec578c-689f-4130-80de-fd0fb5a30ed8">
        <cim:Switch.open>false</cim:Switch.open>
    </cim:Breaker>
    <cim:Breaker rdf:about="#_1ea8f512-451c-40d3-a312-7c4e71d9dbcb">
        <cim:Switch.open>false</cim:Switch.open>
    </cim:Breaker>
    <cim:Breaker rdf:about="#_b1fc12ae-ba9f-42ee-9558-3d432cc58fbf">
        <cim:Switch.open>false</cim:Switch.open>
    </cim:Breaker>
    <cim:Breaker rdf:about="#_88a19e5c-6885-4e6e-8d30-c5442444b309">
        <cim:Switch.open>false</cim:Switch.open>
    </cim:Breaker>
    <cim:Breaker rdf:about="#_0c2fa351-239d-463b-a826-0b8615bf6c3c">
        <cim:Switch.open>false</cim:Switch.open>
    </cim:Breaker>
    <cim:Breaker rdf:about="#_4853e915-48e5-4527-a4db-cce11ab18f73">
        <cim:Switch.open>false</cim:Switch.open>
    </cim:Breaker>
    <cim:Breaker rdf:about="#_3da8f227-5c16-47e1-a17f-4cd92269d301">
        <cim:Switch.open>false</cim:Switch.open>
    </cim:Breaker>
    <cim:Breaker rdf:about="#_b5a26150-429d-4acb-b45b-055e42c79055">
        <cim:Switch.open>false</cim:Switch.open>
    </cim:Breaker>
    <cim:Terminal rdf:about="#_3c6d83a3-b5f9-41a2-a3d9-cf15d903ed0a">
        <cim:ACDCTerminal.connected>true</cim:ACDCTerminal.connected>
    </cim:Terminal>
    <cim:Terminal rdf:about="#_0f199d49-0093-4b51-b357-70371424d174">
        <cim:ACDCTerminal.connected>true</cim:ACDCTerminal.connected>
    </cim:Terminal>
    <cim:Terminal rdf:about="#_c14d2036-72ec-4df3-b1b7-75d8afd9a1fe">
        <cim:ACDCTerminal.connected>true</cim:ACDCTerminal.connected>
    </cim:Terminal>
    <cim:Terminal rdf:about="#_a1b46f53-86f1-497e-bf57-c3b6268bcd6c">
        <cim:ACDCTerminal.connected>true</cim:ACDCTerminal.connected>
    </cim:Terminal>
    <cim:Terminal rdf:about="#_76e9ca77-f805-40ea-8120-5a6d58416d34">
        <cim:ACDCTerminal.connected>true</cim:ACDCTerminal.connected>
    </cim:Terminal>
    <cim:Terminal rdf:about="#_53fd6693-57e6-482e-8fbe-dcf3531a7ce0">
        <cim:ACDCTerminal.connected>true</cim:ACDCTerminal.connected>
    </cim:Terminal>
    <cim:Terminal rdf:about="#_ca0f7e2e-3442-4ada-a704-91f319c0ebe3">
        <cim:ACDCTerminal.connected>true</cim:ACDCTerminal.connected>
    </cim:Terminal>
    <cim:Terminal rdf:about="#_ae4b7cbe-349a-41c8-ace2-25ec26f14a64">
        <cim:ACDCTerminal.connected>true</cim:ACDCTerminal.connected>
    </cim:Terminal>
    <cim:Terminal rdf:about="#_b9376bea-c75d-49f3-94ca-6a71fa0086a5">
        <cim:ACDCTerminal.connected>true</cim:ACDCTerminal.connected>
    </cim:Terminal>
    <cim:Terminal rdf:about="#_f04ecab5-1a12-4cc0-ba56-b157ebf11a42">
        <cim:ACDCTerminal.connected>true</cim:ACDCTerminal.connected>
    </cim:Terminal>
    <cim:Terminal rdf:about="#_653bc4b8-518b-4adc-9d68-012fb641fb1d">
        <cim:ACDCTerminal.connected>true</cim:ACDCTerminal.connected>
    </cim:Terminal>
    <cim:Terminal rdf:about="#_42800bad-5e47-42e6-b9b0-1fb8fc5831aa">
        <cim:ACDCTerminal.connected>true</cim:ACDCTerminal.connected>
    </cim:Terminal>
    <cim:Terminal rdf:about="#_faab7959-f9bf-421b-bc3f-d364e0c1388b">
        <cim:ACDCTerminal.connected>true</cim:ACDCTerminal.connected>
    </cim:Terminal>
    <cim:Terminal rdf:about="#_fa9e0f4d-8a2f-45e1-9e36-3611600d1c94">
        <cim:ACDCTerminal.connected>true</cim:ACDCTerminal.connected>
    </cim:Terminal>
    <cim:Terminal rdf:about="#_051d49ba-4360-4372-86bf-50eb8cf29778">
        <cim:ACDCTerminal.connected>true</cim:ACDCTerminal.connected>
    </cim:Terminal>
    <cim:Terminal rdf:about="#_8f1c492f-a7cc-4160-9a14-54f1743e4850">
        <cim:ACDCTerminal.connected>true</cim:ACDCTerminal.connected>
    </cim:Terminal>
    <cim:Terminal rdf:about="#_757d4f50-707b-47a0-891c-cbaefd649631">
        <cim:ACDCTerminal.connected>true</cim:ACDCTerminal.connected>
    </cim:Terminal>
    <cim:Terminal rdf:about="#_65b8c937-9b25-4b9e-addf-602dbc1337f9">
        <cim:ACDCTerminal.connected>true</cim:ACDCTerminal.connected>
    </cim:Terminal>
    <cim:Terminal rdf:about="#_a036b765-1669-4f64-acd3-1e8fbd513312">
        <cim:ACDCTerminal.connected>true</cim:ACDCTerminal.connected>
    </cim:Terminal>
    <cim:Terminal rdf:about="#_a015f692-3fc5-4ec3-8d1d-977c7b499e7c">
        <cim:ACDCTerminal.connected>true</cim:ACDCTerminal.connected>
    </cim:Terminal>
    <cim:Terminal rdf:about="#_800ada75-8c8c-4568-aec5-20f799e45f3c">
        <cim:ACDCTerminal.connected>true</cim:ACDCTerminal.connected>
    </cim:Terminal>
    <cim:Terminal rdf:about="#_ecea10ff-e006-436b-a86a-beac4c2a30c1">
        <cim:ACDCTerminal.connected>true</cim:ACDCTerminal.connected>
    </cim:Terminal>
    <cim:Terminal rdf:about="#_8171fc34-6891-40e0-92d1-da9f4ba69e26">
        <cim:ACDCTerminal.connected>true</cim:ACDCTerminal.connected>
    </cim:Terminal>
    <cim:Terminal rdf:about="#_13dcec71-4b02-4c0c-93a7-8e16db4aa0b7">
        <cim:ACDCTerminal.connected>true</cim:ACDCTerminal.connected>
    </cim:Terminal>
    <cim:Terminal rdf:about="#_05a17350-55f5-4a00-9a50-8c0048a25495">
        <cim:ACDCTerminal.connected>true</cim:ACDCTerminal.connected>
    </cim:Terminal>
    <cim:Terminal rdf:about="#_a4d42d33-ae54-4fe9-ad59-f30da0dfb809">
        <cim:ACDCTerminal.connected>true</cim:ACDCTerminal.connected>
    </cim:Terminal>
    <cim:Terminal rdf:about="#_fab54e9c-b12e-4e47-a9f2-fec4ef96c0c0">
        <cim:ACDCTerminal.connected>true</cim:ACDCTerminal.connected>
    </cim:Terminal>
    <cim:Terminal rdf:about="#_4bb5407b-b4a5-416c-80ad-1a778ada2b9b">
        <cim:ACDCTerminal.connected>true</cim:ACDCTerminal.connected>
    </cim:Terminal>
    <cim:Terminal rdf:about="#_beffa353-7d10-421d-9c08-036b744b1cee">
        <cim:ACDCTerminal.connected>true</cim:ACDCTerminal.connected>
    </cim:Terminal>
    <cim:Terminal rdf:about="#_699545b9-82b9-4331-bc80-538d73b4ba56">
        <cim:ACDCTerminal.connected>true</cim:ACDCTerminal.connected>
    </cim:Terminal>
    <cim:Terminal rdf:about="#_77f04391-aa23-49b6-b3e9-6089130bb5d5">
        <cim:ACDCTerminal.connected>true</cim:ACDCTerminal.connected>
    </cim:Terminal>
    <cim:Terminal rdf:about="#_5dfee914-a4fd-4bde-a5b4-c4caa6378d10">
        <cim:ACDCTerminal.connected>true</cim:ACDCTerminal.connected>
    </cim:Terminal>
    <cim:Terminal rdf:about="#_6dad1a97-6874-4206-a5a5-837e495325f8">
        <cim:ACDCTerminal.connected>true</cim:ACDCTerminal.connected>
    </cim:Terminal>
    <cim:Terminal rdf:about="#_ad794c0e-b9ec-420b-ada1-97680e3dde05">
        <cim:ACDCTerminal.connected>true</cim:ACDCTerminal.connected>
    </cim:Terminal>
    <cim:Terminal rdf:about="#_f461fd2d-1e41-4a3e-8213-7cc33c77a089">
        <cim:ACDCTerminal.connected>true</cim:ACDCTerminal.connected>
    </cim:Terminal>
    <cim:Terminal rdf:about="#_50f00b94-fe0f-48fd-887e-f0d4d59eee87">
        <cim:ACDCTerminal.connected>true</cim:ACDCTerminal.connected>
    </cim:Terminal>
    <cim:Terminal rdf:about="#_357e3e14-c38e-4a7e-9c95-b3dbe158f5f3">
        <cim:ACDCTerminal.connected>true</cim:ACDCTerminal.connected>
    </cim:Terminal>
    <cim:Terminal rdf:about="#_1128e664-0653-448a-9068-e37f1a097c05">
        <cim:ACDCTerminal.connected>true</cim:ACDCTerminal.connected>
    </cim:Terminal>
    <cim:Terminal rdf:about="#_da232169-1c36-495a-8af6-a0d7d2b39f52">
        <cim:ACDCTerminal.connected>true</cim:ACDCTerminal.connected>
    </cim:Terminal>
    <cim:Terminal rdf:about="#_62fc0a4e-00aa-4bf7-b1a0-3a5b2c0b5492">
        <cim:ACDCTerminal.connected>true</cim:ACDCTerminal.connected>
    </cim:Terminal>
    <cim:Terminal rdf:about="#_302fe23a-f64d-41bd-8a81-78130433916d">
        <cim:ACDCTerminal.connected>true</cim:ACDCTerminal.connected>
    </cim:Terminal>
    <cim:Terminal rdf:about="#_d5e2e58e-ccf6-47d9-b3bb-3088eb7a9b6c">
        <cim:ACDCTerminal.connected>true</cim:ACDCTerminal.connected>
    </cim:Terminal>
    <cim:Terminal rdf:about="#_e3e0c496-5837-4f0f-a596-cc421940f73f">
        <cim:ACDCTerminal.connected>true</cim:ACDCTerminal.connected>
    </cim:Terminal>
    <cim:Terminal rdf:about="#_baa7aef1-afcd-4981-97c0-ccec7b5ad4e0">
        <cim:ACDCTerminal.connected>true</cim:ACDCTerminal.connected>
    </cim:Terminal>
    <cim:Terminal rdf:about="#_cbdf1842-74ed-4fce-a5d4-0296c82cbc92">
        <cim:ACDCTerminal.connected>true</cim:ACDCTerminal.connected>
    </cim:Terminal>
    <cim:Terminal rdf:about="#_c3774d3f-f48c-4954-a0cf-b4572eb714fd">
        <cim:ACDCTerminal.connected>true</cim:ACDCTerminal.connected>
    </cim:Terminal>
    <cim:Terminal rdf:about="#_2cd21c77-b8b1-4896-95fb-240f45b9ac89">
        <cim:ACDCTerminal.connected>true</cim:ACDCTerminal.connected>
    </cim:Terminal>
    <cim:Terminal rdf:about="#_4c19ace6-c825-4c5b-87d9-031e6e6a3379">
        <cim:ACDCTerminal.connected>true</cim:ACDCTerminal.connected>
    </cim:Terminal>
    <cim:Terminal rdf:about="#_ab7ece75-d726-48c8-a924-b0a9325e6d51">
        <cim:ACDCTerminal.connected>true</cim:ACDCTerminal.connected>
    </cim:Terminal>
    <cim:Terminal rdf:about="#_231a4cf8-5069-4d53-96e4-e839f073f1ea">
        <cim:ACDCTerminal.connected>true</cim:ACDCTerminal.connected>
    </cim:Terminal>
    <cim:Terminal rdf:about="#_bd61b1f9-474d-424e-9709-42f75337c477">
        <cim:ACDCTerminal.connected>true</cim:ACDCTerminal.connected>
    </cim:Terminal>
    <cim:Terminal rdf:about="#_4f1c405f-07c9-4fb0-b64e-551896a29aa8">
        <cim:ACDCTerminal.connected>true</cim:ACDCTerminal.connected>
    </cim:Terminal>
    <cim:Terminal rdf:about="#_c557146e-dfc4-4020-9738-d592b188338b">
        <cim:ACDCTerminal.connected>true</cim:ACDCTerminal.connected>
    </cim:Terminal>
    <cim:Terminal rdf:about="#_ca7974cf-b25e-4898-9221-7154233e5eb2">
        <cim:ACDCTerminal.connected>true</cim:ACDCTerminal.connected>
    </cim:Terminal>
    <cim:Terminal rdf:about="#_1182d878-2eaa-4eec-91be-ce7b2b1e7f9a">
        <cim:ACDCTerminal.connected>true</cim:ACDCTerminal.connected>
    </cim:Terminal>
    <cim:Terminal rdf:about="#_5b2c65b0-68ce-4530-85b7-385346a3b5e1">
        <cim:ACDCTerminal.connected>true</cim:ACDCTerminal.connected>
    </cim:Terminal>
    <cim:Terminal rdf:about="#_70d962fb-a492-4c36-8cad-b5c584df53bd">
        <cim:ACDCTerminal.connected>true</cim:ACDCTerminal.connected>
    </cim:Terminal>
    <cim:Terminal rdf:about="#_22af3121-1a66-4546-bd80-4371f417c644">
        <cim:ACDCTerminal.connected>true</cim:ACDCTerminal.connected>
    </cim:Terminal>
    <cim:Terminal rdf:about="#_3fa4866b-1714-4be9-afab-3909ae092016">
        <cim:ACDCTerminal.connected>true</cim:ACDCTerminal.connected>
    </cim:Terminal>
    <cim:Terminal rdf:about="#_b741ce25-3f99-4aa8-9b03-d9de0ba6e342">
        <cim:ACDCTerminal.connected>true</cim:ACDCTerminal.connected>
    </cim:Terminal>
    <cim:Terminal rdf:about="#_345d8528-1a7e-4245-92d6-15db7a7e3c86">
        <cim:ACDCTerminal.connected>true</cim:ACDCTerminal.connected>
    </cim:Terminal>
    <cim:Terminal rdf:about="#_907dbcfe-2037-4f84-97f1-6e59f782168e">
        <cim:ACDCTerminal.connected>true</cim:ACDCTerminal.connected>
    </cim:Terminal>
    <cim:Terminal rdf:about="#_310c303a-b0ed-4e42-9854-628f34c53d2b">
        <cim:ACDCTerminal.connected>true</cim:ACDCTerminal.connected>
    </cim:Terminal>
    <cim:Terminal rdf:about="#_678a3049-afc0-432f-8f53-b30aa71907b2">
        <cim:ACDCTerminal.connected>true</cim:ACDCTerminal.connected>
    </cim:Terminal>
    <cim:Terminal rdf:about="#_f392d0d3-47cb-4ec1-925f-b3762d4a787c">
        <cim:ACDCTerminal.connected>true</cim:ACDCTerminal.connected>
    </cim:Terminal>
    <cim:Terminal rdf:about="#_b3bf6cbd-abe8-42b6-95f4-20682475b484">
        <cim:ACDCTerminal.connected>true</cim:ACDCTerminal.connected>
    </cim:Terminal>
    <cim:Terminal rdf:about="#_e57dd4ed-5ea0-4374-9b36-40a294a8e2be">
        <cim:ACDCTerminal.connected>true</cim:ACDCTerminal.connected>
    </cim:Terminal>
    <cim:Terminal rdf:about="#_b6e23b90-9c48-4285-ac02-5b68d0c572a6">
        <cim:ACDCTerminal.connected>true</cim:ACDCTerminal.connected>
    </cim:Terminal>
    <cim:Terminal rdf:about="#_4bbaf84d-2437-44e1-a56c-e79723370e77">
        <cim:ACDCTerminal.connected>true</cim:ACDCTerminal.connected>
    </cim:Terminal>
    <cim:Terminal rdf:about="#_b8bca219-a924-434f-8163-50aae6d486a7">
        <cim:ACDCTerminal.connected>true</cim:ACDCTerminal.connected>
    </cim:Terminal>
    <cim:Terminal rdf:about="#_0cca0f16-c476-4a99-b289-d660ff57b891">
        <cim:ACDCTerminal.connected>true</cim:ACDCTerminal.connected>
    </cim:Terminal>
    <cim:Terminal rdf:about="#_36fedfd8-280b-4ee4-b58a-cd2063e5d706">
        <cim:ACDCTerminal.connected>true</cim:ACDCTerminal.connected>
    </cim:Terminal>
    <cim:Terminal rdf:about="#_756dff85-b2c8-4a06-9a4c-4dde854e668b">
        <cim:ACDCTerminal.connected>true</cim:ACDCTerminal.connected>
    </cim:Terminal>
    <cim:Terminal rdf:about="#_3f8b7c82-ca57-401a-9e2d-b719f8c83030">
        <cim:ACDCTerminal.connected>true</cim:ACDCTerminal.connected>
    </cim:Terminal>
    <cim:Terminal rdf:about="#_5c206db8-ef8c-4e53-b2b9-38b52b194c5a">
        <cim:ACDCTerminal.connected>true</cim:ACDCTerminal.connected>
    </cim:Terminal>
    <cim:Terminal rdf:about="#_a45d705f-46f6-4bde-8790-11a762da8c01">
        <cim:ACDCTerminal.connected>true</cim:ACDCTerminal.connected>
    </cim:Terminal>
    <cim:Terminal rdf:about="#_b501caa7-949f-49c6-b4d4-f50ef3625ede">
        <cim:ACDCTerminal.connected>true</cim:ACDCTerminal.connected>
    </cim:Terminal>
    <cim:Terminal rdf:about="#_fd2867a9-0c57-4cf2-acfb-439c4039b06b">
        <cim:ACDCTerminal.connected>true</cim:ACDCTerminal.connected>
    </cim:Terminal>
    <cim:Terminal rdf:about="#_5245aa5c-9600-4632-95db-e981a19ed857">
        <cim:ACDCTerminal.connected>true</cim:ACDCTerminal.connected>
    </cim:Terminal>
    <cim:Terminal rdf:about="#_61562178-c201-43c7-b56d-a300ab07c723">
        <cim:ACDCTerminal.connected>true</cim:ACDCTerminal.connected>
    </cim:Terminal>
    <cim:Terminal rdf:about="#_042688a6-140f-473c-98f9-94a3cfdc00d3">
        <cim:ACDCTerminal.connected>true</cim:ACDCTerminal.connected>
    </cim:Terminal>
    <cim:Terminal rdf:about="#_6811721b-252c-45fd-8474-6db1e7d5739e">
        <cim:ACDCTerminal.connected>true</cim:ACDCTerminal.connected>
    </cim:Terminal>
    <cim:Terminal rdf:about="#_9f5dbaf3-e384-4e86-9d49-f43c30b4e354">
        <cim:ACDCTerminal.connected>true</cim:ACDCTerminal.connected>
    </cim:Terminal>
    <cim:Terminal rdf:about="#_95f1d705-35fa-4102-ba5b-43dfe7a0e0cc">
        <cim:ACDCTerminal.connected>true</cim:ACDCTerminal.connected>
    </cim:Terminal>
    <cim:Terminal rdf:about="#_529a048e-7681-4e59-aba1-f7474a562cba">
        <cim:ACDCTerminal.connected>true</cim:ACDCTerminal.connected>
    </cim:Terminal>
    <cim:Terminal rdf:about="#_68d47f87-1a1f-4c63-80ca-d3becb4a47f9">
        <cim:ACDCTerminal.connected>true</cim:ACDCTerminal.connected>
    </cim:Terminal>
    <cim:Terminal rdf:about="#_381fc1a6-63f7-4728-bb84-d4d7fe4f8794">
        <cim:ACDCTerminal.connected>true</cim:ACDCTerminal.connected>
    </cim:Terminal>
    <cim:Terminal rdf:about="#_e1e6f751-259f-4182-b4e1-12eba54a54ce">
        <cim:ACDCTerminal.connected>true</cim:ACDCTerminal.connected>
    </cim:Terminal>
    <cim:Terminal rdf:about="#_9f984b04-1736-43d2-9122-3a17fc8aea5f">
        <cim:ACDCTerminal.connected>true</cim:ACDCTerminal.connected>
    </cim:Terminal>
    <cim:Terminal rdf:about="#_f04ec73d-b94a-4b7e-a3d6-b1234fc37385">
        <cim:ACDCTerminal.connected>true</cim:ACDCTerminal.connected>
    </cim:Terminal>
    <cim:Terminal rdf:about="#_30aa2972-aafb-4c38-912d-a14867d47cec">
        <cim:ACDCTerminal.connected>true</cim:ACDCTerminal.connected>
    </cim:Terminal>
    <cim:Terminal rdf:about="#_f937c4ac-b9fc-44a2-82a0-99cb34c89974">
        <cim:ACDCTerminal.connected>true</cim:ACDCTerminal.connected>
    </cim:Terminal>
    <cim:Terminal rdf:about="#_8121d4c3-9cb2-47db-b40a-99678602bb2a">
        <cim:ACDCTerminal.connected>true</cim:ACDCTerminal.connected>
    </cim:Terminal>
    <cim:Terminal rdf:about="#_5f40c3f7-9540-4e1b-aa97-6553d5524877">
        <cim:ACDCTerminal.connected>true</cim:ACDCTerminal.connected>
    </cim:Terminal>
    <cim:Terminal rdf:about="#_14f212ae-bcd8-46ae-9366-11dec9602a01">
        <cim:ACDCTerminal.connected>true</cim:ACDCTerminal.connected>
    </cim:Terminal>
    <cim:Terminal rdf:about="#_3c377e5e-65cc-45f1-ba12-e20034df7cb3">
        <cim:ACDCTerminal.connected>true</cim:ACDCTerminal.connected>
    </cim:Terminal>
    <cim:Terminal rdf:about="#_e19e01f7-eb9b-4ce5-a6fe-4bb4ef0ce6c3">
        <cim:ACDCTerminal.connected>true</cim:ACDCTerminal.connected>
    </cim:Terminal>
    <cim:Terminal rdf:about="#_28797d21-df04-4be6-806b-3be26b040d6a">
        <cim:ACDCTerminal.connected>true</cim:ACDCTerminal.connected>
    </cim:Terminal>
    <cim:Terminal rdf:about="#_790df530-60c7-40bc-be5f-f90e9c65bab4">
        <cim:ACDCTerminal.connected>true</cim:ACDCTerminal.connected>
    </cim:Terminal>
    <cim:Terminal rdf:about="#_7a7fd92b-1aaf-49de-b609-1d640e63d49f">
        <cim:ACDCTerminal.connected>true</cim:ACDCTerminal.connected>
    </cim:Terminal>
    <cim:Terminal rdf:about="#_c9dbf281-e788-4084-b268-3b5a9473ad72">
        <cim:ACDCTerminal.connected>true</cim:ACDCTerminal.connected>
    </cim:Terminal>
    <cim:Terminal rdf:about="#_abc40269-5f9a-4b13-a5a5-8e3b3929eff5">
        <cim:ACDCTerminal.connected>true</cim:ACDCTerminal.connected>
    </cim:Terminal>
    <cim:Terminal rdf:about="#_7fae7c9d-952f-4321-830d-aa667d21969d">
        <cim:ACDCTerminal.connected>true</cim:ACDCTerminal.connected>
    </cim:Terminal>
    <cim:Terminal rdf:about="#_3179d96c-7ecd-4f8a-b3f0-f24b62a16e87">
        <cim:ACDCTerminal.connected>true</cim:ACDCTerminal.connected>
    </cim:Terminal>
    <cim:Terminal rdf:about="#_74039a16-da9d-46dd-a4f1-dd65fbb09ec4">
        <cim:ACDCTerminal.connected>true</cim:ACDCTerminal.connected>
    </cim:Terminal>
    <cim:Terminal rdf:about="#_e12338f8-6e9e-4d06-a29a-e12bdd7bd4d7">
        <cim:ACDCTerminal.connected>true</cim:ACDCTerminal.connected>
    </cim:Terminal>
    <cim:Terminal rdf:about="#_9fc1ca1a-bb62-4982-9358-fa9b4ac5564d">
        <cim:ACDCTerminal.connected>true</cim:ACDCTerminal.connected>
    </cim:Terminal>
    <cim:Terminal rdf:about="#_eedefa27-de13-4e6f-91a3-42aa86b539d6">
        <cim:ACDCTerminal.connected>true</cim:ACDCTerminal.connected>
    </cim:Terminal>
    <cim:Terminal rdf:about="#_41b735f7-da62-4bd3-ac98-fbdec24baeac">
        <cim:ACDCTerminal.connected>true</cim:ACDCTerminal.connected>
    </cim:Terminal>
    <cim:Terminal rdf:about="#_85ceec9c-21a9-4ef2-b7b0-c2bb9552e799">
        <cim:ACDCTerminal.connected>true</cim:ACDCTerminal.connected>
    </cim:Terminal>
    <cim:ControlArea rdf:about="#_50487bb8-be6d-42a8-9358-cc0bbfe6cfa7">
        <cim:ControlArea.netInterchange>237.3313</cim:ControlArea.netInterchange>
    </cim:ControlArea>
    <cim:ControlArea rdf:about="#_31b2fe09-63f6-44f6-9b4f-01dbe7e4944a">
        <cim:ControlArea.netInterchange>-237.3313</cim:ControlArea.netInterchange>
    </cim:ControlArea>
</rdf:RDF>
