<?xml version="1.0" encoding="UTF-8"?>
<rdf:RDF xmlns:eu="http://iec.ch/TC57/CIM100-European#" xmlns:rdf="http://www.w3.org/1999/02/22-rdf-syntax-ns#" xmlns:cim="http://iec.ch/TC57/CIM100#" xmlns:md="http://iec.ch/TC57/61970-552/ModelDescription/1#">
    <md:FullModel rdf:about="urn:uuid:17f49b92-92ad-418f-a0d7-6f6fecb354b5">
        <md:Model.scenarioTime>2021-02-09T19:30:00Z</md:Model.scenarioTime>
        <md:Model.created>2023-06-02T12:24:11Z</md:Model.created>
        <md:Model.description>CGMES Conformity Assessment Test Configuration. The Test Configuration is owned by ENTSO-E and is provided by ENTSO-E “as it is”. To the fullest extent permitted by law, ENTSO-E shall not be liable for any damages of any kind arising out of the use of the model (including any of its subsequent modifications). ENTSO-E neither warrants, nor represents that the use of the model will not infringe the rights of third parties. Any use of the model shall include a reference to ENTSO-E. ENTSO-E web site is the only official source of information related to the model.</md:Model.description>
        <md:Model.version>2</md:Model.version>
        <md:Model.DependentOn rdf:resource="urn:uuid:a0b037e8-39df-4417-b55a-4d084f6e452e"/>
        <md:Model.DependentOn rdf:resource="urn:uuid:dafc8ab7-c6cf-4d53-8d04-9d33d6892112"/>
        <md:Model.DependentOn rdf:resource="urn:uuid:dafc8ab7-c6cf-4d53-8d04-9d33d6892112"/>
        <md:Model.profile>http://iec.ch/TC57/ns/CIM/StateVariables-EU/3.0</md:Model.profile>
        <md:Model.modelingAuthoritySet>http://tennet.nl/CGMES</md:Model.modelingAuthoritySet>
    </md:FullModel>
    <cim:TopologicalIsland rdf:ID="_775b111a-5995-4686-8e40-d8470aaf4a96">
        <cim:IdentifiedObject.name>775b111a-5995-4686-8e40-d8470aaf4a96</cim:IdentifiedObject.name>
        <cim:TopologicalIsland.AngleRefTopologicalNode rdf:resource="#_8d8a82ba-b5b0-4e94-861a-192af055f2b8_1"/>
        <cim:TopologicalIsland.TopologicalNodes rdf:resource="#_8bbd7e74-ae20-4dce-8780-c20f8e18c2e0_0"/>
        <cim:TopologicalIsland.TopologicalNodes rdf:resource="#_469df5f7-058f-4451-a998-57a48e8a56fe_0"/>
        <cim:TopologicalIsland.TopologicalNodes rdf:resource="#_69ef0dbd-da79-4eef-a02f-690cb8a28361_0"/>
        <cim:TopologicalIsland.TopologicalNodes rdf:resource="#_69ef0dbd-da79-4eef-a02f-690cb8a28361_3"/>
        <cim:TopologicalIsland.TopologicalNodes rdf:resource="#_929ba893-c9dc-44d7-b1fd-30834bd3ab85_0"/>
        <cim:TopologicalIsland.TopologicalNodes rdf:resource="#_b10b171b-3bc5-4849-bb1f-61ed9ea1ec7c_0"/>
        <cim:TopologicalIsland.TopologicalNodes rdf:resource="#_4ba71b59-ee2f-450b-9f7d-cc2f1cc5e386_0"/>
        <cim:TopologicalIsland.TopologicalNodes rdf:resource="#_8d8a82ba-b5b0-4e94-861a-192af055f2b8_0"/>
        <cim:TopologicalIsland.TopologicalNodes rdf:resource="#_8d8a82ba-b5b0-4e94-861a-192af055f2b8_1"/>
        <cim:TopologicalIsland.TopologicalNodes rdf:resource="#_b7998ae6-0cc6-4dfe-8fec-0b549b07b6c3_0"/>
        <cim:TopologicalIsland.TopologicalNodes rdf:resource="#_d77b61ef-61aa-4b22-95f6-b56ca080788d_1"/>
        <cim:TopologicalIsland.TopologicalNodes rdf:resource="#_d77b61ef-61aa-4b22-95f6-b56ca080788d_0"/>
    </cim:TopologicalIsland>
    <cim:SvVoltage rdf:ID="_593b3c44-86ed-4c1b-998e-6d0829cf6c5b">
        <cim:SvVoltage.angle>-3.469116</cim:SvVoltage.angle>
        <cim:SvVoltage.v>222.6806</cim:SvVoltage.v>
        <cim:SvVoltage.TopologicalNode rdf:resource="#_d77b61ef-61aa-4b22-95f6-b56ca080788d_0"/>
    </cim:SvVoltage>
    <cim:SvVoltage rdf:ID="_2ebc22d3-f2e5-46e6-ba44-fe2b9b2b1e4d">
        <cim:SvVoltage.angle>-3.469116</cim:SvVoltage.angle>
        <cim:SvVoltage.v>222.6806</cim:SvVoltage.v>
        <cim:SvVoltage.TopologicalNode rdf:resource="#_d77b61ef-61aa-4b22-95f6-b56ca080788d_1"/>
    </cim:SvVoltage>
    <cim:SvVoltage rdf:ID="_15f74814-1ad2-4f92-ac3f-ff865eaa7475">
        <cim:SvVoltage.angle>-1.724105</cim:SvVoltage.angle>
        <cim:SvVoltage.v>16.01775</cim:SvVoltage.v>
        <cim:SvVoltage.TopologicalNode rdf:resource="#_8d8a82ba-b5b0-4e94-861a-192af055f2b8_0"/>
    </cim:SvVoltage>
    <cim:SvVoltage rdf:ID="_5f723f59-c95e-4476-8c7f-ed318893531f">
        <cim:SvVoltage.angle>-17.75073</cim:SvVoltage.angle>
        <cim:SvVoltage.v>10.46589</cim:SvVoltage.v>
        <cim:SvVoltage.TopologicalNode rdf:resource="#_4ba71b59-ee2f-450b-9f7d-cc2f1cc5e386_0"/>
    </cim:SvVoltage>
    <cim:SvVoltage rdf:ID="_e2906b39-3d12-4362-a804-d01c0d5f6853">
        <cim:SvVoltage.angle>-16.11601</cim:SvVoltage.angle>
        <cim:SvVoltage.v>222.6902</cim:SvVoltage.v>
        <cim:SvVoltage.TopologicalNode rdf:resource="#_69ef0dbd-da79-4eef-a02f-690cb8a28361_0"/>
    </cim:SvVoltage>
    <cim:SvVoltage rdf:ID="_dd149859-ca55-44e7-9358-2e7ddeb5d094">
        <cim:SvVoltage.angle>-20.03488</cim:SvVoltage.angle>
        <cim:SvVoltage.v>21.987</cim:SvVoltage.v>
        <cim:SvVoltage.TopologicalNode rdf:resource="#_929ba893-c9dc-44d7-b1fd-30834bd3ab85_0"/>
    </cim:SvVoltage>
    <cim:SvVoltage rdf:ID="_c61a268e-84b2-4578-8667-1928cdd9c582">
        <cim:SvVoltage.angle>-20.08845</cim:SvVoltage.angle>
        <cim:SvVoltage.v>115.5039</cim:SvVoltage.v>
        <cim:SvVoltage.TopologicalNode rdf:resource="#_8bbd7e74-ae20-4dce-8780-c20f8e18c2e0_0"/>
    </cim:SvVoltage>
    <cim:SvVoltage rdf:ID="_fd6b1326-fb71-4b89-b9ca-e421460deb2a">
        <cim:SvVoltage.angle>-21.19489</cim:SvVoltage.angle>
        <cim:SvVoltage.v>409.444</cim:SvVoltage.v>
        <cim:SvVoltage.TopologicalNode rdf:resource="#_b7998ae6-0cc6-4dfe-8fec-0b549b07b6c3_0"/>
    </cim:SvVoltage>
    <cim:SvVoltage rdf:ID="_9c11e7af-2e65-4e3a-be21-8b19b0bd44f7">
        <cim:SvVoltage.angle>-21.35799</cim:SvVoltage.angle>
        <cim:SvVoltage.v>413.4605</cim:SvVoltage.v>
        <cim:SvVoltage.TopologicalNode rdf:resource="#_469df5f7-058f-4451-a998-57a48e8a56fe_0"/>
    </cim:SvVoltage>
    <cim:SvVoltage rdf:ID="_0cd90367-58d4-4b2e-89e9-52158dcc2554">
        <cim:SvVoltage.angle>-19.64551</cim:SvVoltage.angle>
        <cim:SvVoltage.v>225.8443</cim:SvVoltage.v>
        <cim:SvVoltage.TopologicalNode rdf:resource="#_69ef0dbd-da79-4eef-a02f-690cb8a28361_3"/>
    </cim:SvVoltage>
    <cim:SvVoltage rdf:ID="_036b4ca8-d2d7-420f-bb75-cab46986364d">
        <cim:SvVoltage.angle>0</cim:SvVoltage.angle>
        <cim:SvVoltage.v>0</cim:SvVoltage.v>
        <cim:SvVoltage.TopologicalNode rdf:resource="#_8d8a82ba-b5b0-4e94-861a-192af055f2b8_9"/>
    </cim:SvVoltage>
    <cim:SvVoltage rdf:ID="_1e9134c1-fe8b-4ce8-b187-a4fcb40cf181">
        <cim:SvVoltage.angle>0</cim:SvVoltage.angle>
        <cim:SvVoltage.v>0</cim:SvVoltage.v>
        <cim:SvVoltage.TopologicalNode rdf:resource="#_8d8a82ba-b5b0-4e94-861a-192af055f2b8_10"/>
    </cim:SvVoltage>
    <cim:SvVoltage rdf:ID="_e13510f1-35e8-4e70-a0e6-1676070bf7e0">
        <cim:SvVoltage.angle>-20.68084</cim:SvVoltage.angle>
        <cim:SvVoltage.v>223.8643</cim:SvVoltage.v>
        <cim:SvVoltage.TopologicalNode rdf:resource="#_b10b171b-3bc5-4849-bb1f-61ed9ea1ec7c_0"/>
    </cim:SvVoltage>
    <cim:SvVoltage rdf:ID="_6a2d001a-3d77-4c3c-b489-1d4fee1351b4">
        <cim:SvVoltage.angle>0.2074479</cim:SvVoltage.angle>
        <cim:SvVoltage.v>15.85663</cim:SvVoltage.v>
        <cim:SvVoltage.TopologicalNode rdf:resource="#_8d8a82ba-b5b0-4e94-861a-192af055f2b8_1"/>
    </cim:SvVoltage>
    <cim:SvPowerFlow rdf:ID="_80a358c1-ab21-4cea-b455-6358babb521e">
        <cim:SvPowerFlow.p>200</cim:SvPowerFlow.p>
        <cim:SvPowerFlow.q>50</cim:SvPowerFlow.q>
        <cim:SvPowerFlow.Terminal rdf:resource="#_a036b765-1669-4f64-acd3-1e8fbd513312"/>
    </cim:SvPowerFlow>
    <cim:SvPowerFlow rdf:ID="_f0081de5-a1d1-49b6-acb9-2dbfb1ec57fd">
        <cim:SvPowerFlow.p>200</cim:SvPowerFlow.p>
        <cim:SvPowerFlow.q>90</cim:SvPowerFlow.q>
        <cim:SvPowerFlow.Terminal rdf:resource="#_cbdf1842-74ed-4fce-a5d4-0296c82cbc92"/>
    </cim:SvPowerFlow>
    <cim:SvPowerFlow rdf:ID="_bfe9ed1d-fb44-4ac4-ab19-000cd691b41d">
        <cim:SvPowerFlow.p>1</cim:SvPowerFlow.p>
        <cim:SvPowerFlow.q>0.000000000001</cim:SvPowerFlow.q>
        <cim:SvPowerFlow.Terminal rdf:resource="#_b9376bea-c75d-49f3-94ca-6a71fa0086a5"/>
    </cim:SvPowerFlow>
    <cim:SvPowerFlow rdf:ID="_9a7c276e-8857-4ec7-a8e5-9f00b488af15">
        <cim:SvPowerFlow.p>90</cim:SvPowerFlow.p>
        <cim:SvPowerFlow.q>280</cim:SvPowerFlow.q>
        <cim:SvPowerFlow.Terminal rdf:resource="#_f461fd2d-1e41-4a3e-8213-7cc33c77a089"/>
    </cim:SvPowerFlow>
    <cim:SvPowerFlow rdf:ID="_b7a4a4e5-90df-4c01-9862-c773b8aee5cd">
        <cim:SvPowerFlow.p>487.1842</cim:SvPowerFlow.p>
        <cim:SvPowerFlow.q>230.8406</cim:SvPowerFlow.q>
        <cim:SvPowerFlow.Terminal rdf:resource="#_fab54e9c-b12e-4e47-a9f2-fec4ef96c0c0"/>
    </cim:SvPowerFlow>
    <cim:SvPowerFlow rdf:ID="_5b6ab5a3-a509-4e77-8003-490f4734bfa2">
        <cim:SvPowerFlow.p>10</cim:SvPowerFlow.p>
        <cim:SvPowerFlow.q>10</cim:SvPowerFlow.q>
        <cim:SvPowerFlow.Terminal rdf:resource="#_6dad1a97-6874-4206-a5a5-837e495325f8"/>
    </cim:SvPowerFlow>
    <cim:SvPowerFlow rdf:ID="_f932adcc-ffc2-41fb-8cfb-dc347b38b4c7">
        <cim:SvPowerFlow.p>-118</cim:SvPowerFlow.p>
        <cim:SvPowerFlow.q>-86.81476</cim:SvPowerFlow.q>
        <cim:SvPowerFlow.Terminal rdf:resource="#_4bb5407b-b4a5-416c-80ad-1a778ada2b9b"/>
    </cim:SvPowerFlow>
    <cim:SvPowerFlow rdf:ID="_c5933601-6e2a-43dc-b0e0-bf7342d396fb">
        <cim:SvPowerFlow.p>-90</cim:SvPowerFlow.p>
        <cim:SvPowerFlow.q>53.49768</cim:SvPowerFlow.q>
        <cim:SvPowerFlow.Terminal rdf:resource="#_beffa353-7d10-421d-9c08-036b744b1cee"/>
    </cim:SvPowerFlow>
    <cim:SvPowerFlow rdf:ID="_810eef84-e3f8-457d-9643-22bcf2aeaa52">
        <cim:SvPowerFlow.p>-140</cim:SvPowerFlow.p>
        <cim:SvPowerFlow.q>-20.66022</cim:SvPowerFlow.q>
        <cim:SvPowerFlow.Terminal rdf:resource="#_ae4b7cbe-349a-41c8-ace2-25ec26f14a64"/>
    </cim:SvPowerFlow>
    <cim:SvPowerFlow rdf:ID="_a1387dd6-fe5a-4020-aaee-4e21188e976d">
        <cim:SvPowerFlow.p>-150</cim:SvPowerFlow.p>
        <cim:SvPowerFlow.q>-20.66022</cim:SvPowerFlow.q>
        <cim:SvPowerFlow.Terminal rdf:resource="#_f04ecab5-1a12-4cc0-ba56-b157ebf11a42"/>
    </cim:SvPowerFlow>
    <cim:SvPowerFlow rdf:ID="_9b204771-7e1d-41b6-98ec-00d1b7a0c02f">
        <cim:SvPowerFlow.p>-567.4967</cim:SvPowerFlow.p>
        <cim:SvPowerFlow.q>-184.1005</cim:SvPowerFlow.q>
        <cim:SvPowerFlow.Terminal rdf:resource="#_faab7959-f9bf-421b-bc3f-d364e0c1388b"/>
    </cim:SvPowerFlow>
    <cim:SvPowerFlow rdf:ID="_5a99c3b9-cbba-45bd-9090-8fa83d1b985a">
        <cim:SvPowerFlow.p>0</cim:SvPowerFlow.p>
        <cim:SvPowerFlow.q>-330.75</cim:SvPowerFlow.q>
        <cim:SvPowerFlow.Terminal rdf:resource="#_d5e2e58e-ccf6-47d9-b3bb-3088eb7a9b6c"/>
    </cim:SvPowerFlow>
    <cim:SvPowerFlow rdf:ID="_71d8edf7-f97a-4069-8f55-9b226dd54c23">
        <cim:SvPowerFlow.p>0</cim:SvPowerFlow.p>
        <cim:SvPowerFlow.q>-52.47276</cim:SvPowerFlow.q>
        <cim:SvPowerFlow.Terminal rdf:resource="#_a015f692-3fc5-4ec3-8d1d-977c7b499e7c"/>
    </cim:SvPowerFlow>
    <cim:SvPowerFlow rdf:ID="_191869eb-b3b7-4957-a144-62791e8334da">
        <cim:SvPowerFlow.p>1.863348</cim:SvPowerFlow.p>
        <cim:SvPowerFlow.q>-59.14565</cim:SvPowerFlow.q>
        <cim:SvPowerFlow.Terminal rdf:resource="#_22af3121-1a66-4546-bd80-4371f417c644"/>
    </cim:SvPowerFlow>
    <cim:SvPowerFlow rdf:ID="_85e96507-fb70-4c44-84a6-4c886ac1ebba">
        <cim:SvPowerFlow.p>-52.14342</cim:SvPowerFlow.p>
        <cim:SvPowerFlow.q>9.480675</cim:SvPowerFlow.q>
        <cim:SvPowerFlow.Terminal rdf:resource="#_05a17350-55f5-4a00-9a50-8c0048a25495"/>
    </cim:SvPowerFlow>
    <cim:SvPowerFlow rdf:ID="_24fe5632-6ce5-4216-99d8-f42c6f8202fa">
        <cim:SvPowerFlow.p>58.45184</cim:SvPowerFlow.p>
        <cim:SvPowerFlow.q>-6.028082</cim:SvPowerFlow.q>
        <cim:SvPowerFlow.Terminal rdf:resource="#_a4d42d33-ae54-4fe9-ad59-f30da0dfb809"/>
    </cim:SvPowerFlow>
    <cim:SvPowerFlow rdf:ID="_b64896d9-033f-49d6-b83d-0c95326904fa">
        <cim:SvPowerFlow.p>-113.252</cim:SvPowerFlow.p>
        <cim:SvPowerFlow.q>17.79095</cim:SvPowerFlow.q>
        <cim:SvPowerFlow.Terminal rdf:resource="#_699545b9-82b9-4331-bc80-538d73b4ba56"/>
    </cim:SvPowerFlow>
    <cim:SvPowerFlow rdf:ID="_d525ff10-fc01-43ab-8327-e0b76ccb3afb">
        <cim:SvPowerFlow.p>117.1409</cim:SvPowerFlow.p>
        <cim:SvPowerFlow.q>-10.64661</cim:SvPowerFlow.q>
        <cim:SvPowerFlow.Terminal rdf:resource="#_77f04391-aa23-49b6-b3e9-6089130bb5d5"/>
    </cim:SvPowerFlow>
    <cim:SvPowerFlow rdf:ID="_4972b42c-c4ab-43cd-95b4-64468abe8c57">
        <cim:SvPowerFlow.p>-97.27031</cim:SvPowerFlow.p>
        <cim:SvPowerFlow.q>19.06685</cim:SvPowerFlow.q>
        <cim:SvPowerFlow.Terminal rdf:resource="#_8171fc34-6891-40e0-92d1-da9f4ba69e26"/>
    </cim:SvPowerFlow>
    <cim:SvPowerFlow rdf:ID="_b788da49-c3e9-48f3-ae23-04c329d4b05f">
        <cim:SvPowerFlow.p>97.27031</cim:SvPowerFlow.p>
        <cim:SvPowerFlow.q>-25.37337</cim:SvPowerFlow.q>
        <cim:SvPowerFlow.Terminal rdf:resource="#_13dcec71-4b02-4c0c-93a7-8e16db4aa0b7"/>
    </cim:SvPowerFlow>
    <cim:SvPowerFlow rdf:ID="_cde3c68b-4311-4f22-8d55-2ee8884b43a9">
        <cim:SvPowerFlow.p>-287.3137</cim:SvPowerFlow.p>
        <cim:SvPowerFlow.q>-25.16025</cim:SvPowerFlow.q>
        <cim:SvPowerFlow.Terminal rdf:resource="#_1128e664-0653-448a-9068-e37f1a097c05"/>
    </cim:SvPowerFlow>
    <cim:SvPowerFlow rdf:ID="_ec4d4a37-bca1-4c9a-aad5-9770ad046925">
        <cim:SvPowerFlow.p>288.3278</cim:SvPowerFlow.p>
        <cim:SvPowerFlow.q>41.32045</cim:SvPowerFlow.q>
        <cim:SvPowerFlow.Terminal rdf:resource="#_da232169-1c36-495a-8af6-a0d7d2b39f52"/>
    </cim:SvPowerFlow>
    <cim:SvPowerFlow rdf:ID="_f3b81e45-3c34-4825-a3fb-7ffbbf8a08f0">
        <cim:SvPowerFlow.p>-172.9987</cim:SvPowerFlow.p>
        <cim:SvPowerFlow.q>77.56304</cim:SvPowerFlow.q>
        <cim:SvPowerFlow.Terminal rdf:resource="#_e3e0c496-5837-4f0f-a596-cc421940f73f"/>
    </cim:SvPowerFlow>
    <cim:SvPowerFlow rdf:ID="_77458de6-94b3-47c5-a0b6-09074e8502fd">
        <cim:SvPowerFlow.p>173.3811</cim:SvPowerFlow.p>
        <cim:SvPowerFlow.q>-70.77673</cim:SvPowerFlow.q>
        <cim:SvPowerFlow.Terminal rdf:resource="#_baa7aef1-afcd-4981-97c0-ccec7b5ad4e0"/>
    </cim:SvPowerFlow>
    <cim:SvPowerFlow rdf:ID="_12a933ba-b6b0-441d-8380-d92952631acf">
        <cim:SvPowerFlow.p>-89.68368</cim:SvPowerFlow.p>
        <cim:SvPowerFlow.q>59.63991</cim:SvPowerFlow.q>
        <cim:SvPowerFlow.Terminal rdf:resource="#_ca7974cf-b25e-4898-9221-7154233e5eb2"/>
    </cim:SvPowerFlow>
    <cim:SvPowerFlow rdf:ID="_61621a25-e1cb-48d5-8489-2ce82af6d452">
        <cim:SvPowerFlow.p>90</cim:SvPowerFlow.p>
        <cim:SvPowerFlow.q>-53.49768</cim:SvPowerFlow.q>
        <cim:SvPowerFlow.Terminal rdf:resource="#_1182d878-2eaa-4eec-91be-ce7b2b1e7f9a"/>
    </cim:SvPowerFlow>
    <cim:SvPowerFlow rdf:ID="_add805a6-92c1-46cb-b9ad-40fc952dd8c3">
        <cim:SvPowerFlow.p>142.0258</cim:SvPowerFlow.p>
        <cim:SvPowerFlow.q>-209.8164</cim:SvPowerFlow.q>
        <cim:SvPowerFlow.Terminal rdf:resource="#_c3774d3f-f48c-4954-a0cf-b4572eb714fd"/>
    </cim:SvPowerFlow>
    <cim:SvPowerFlow rdf:ID="_48d3ab0e-0ea5-41f2-9002-6056ac9627d0">
        <cim:SvPowerFlow.p>-141.009</cim:SvPowerFlow.p>
        <cim:SvPowerFlow.q>215.3255</cim:SvPowerFlow.q>
        <cim:SvPowerFlow.Terminal rdf:resource="#_2cd21c77-b8b1-4896-95fb-240f45b9ac89"/>
    </cim:SvPowerFlow>
    <cim:SvPowerFlow rdf:ID="_8d4b4a4c-f3b6-43fb-957f-be4a0649addf">
        <cim:SvPowerFlow.p>-30.63016</cim:SvPowerFlow.p>
        <cim:SvPowerFlow.q>34.65786</cim:SvPowerFlow.q>
        <cim:SvPowerFlow.Terminal rdf:resource="#_4c19ace6-c825-4c5b-87d9-031e6e6a3379"/>
    </cim:SvPowerFlow>
    <cim:SvPowerFlow rdf:ID="_085c7d6f-c296-4b74-866b-7a8f48b723da">
        <cim:SvPowerFlow.p>30.66271</cim:SvPowerFlow.p>
        <cim:SvPowerFlow.q>-34.21538</cim:SvPowerFlow.q>
        <cim:SvPowerFlow.Terminal rdf:resource="#_ab7ece75-d726-48c8-a924-b0a9325e6d51"/>
    </cim:SvPowerFlow>
    <cim:SvPowerFlow rdf:ID="_34535463-04d2-46b8-9afb-2be076fb1fe9">
        <cim:SvPowerFlow.p>-559.2375</cim:SvPowerFlow.p>
        <cim:SvPowerFlow.q>-138.2136</cim:SvPowerFlow.q>
        <cim:SvPowerFlow.Terminal rdf:resource="#_bd61b1f9-474d-424e-9709-42f75337c477"/>
    </cim:SvPowerFlow>
    <cim:SvPowerFlow rdf:ID="_bc63864e-2422-4f6e-9f0a-9f7fa1c662b1">
        <cim:SvPowerFlow.p>560.5737</cim:SvPowerFlow.p>
        <cim:SvPowerFlow.q>184.1005</cim:SvPowerFlow.q>
        <cim:SvPowerFlow.Terminal rdf:resource="#_4f1c405f-07c9-4fb0-b64e-551896a29aa8"/>
    </cim:SvPowerFlow>
    <cim:SvPowerFlow rdf:ID="_693bad98-f24a-4e8b-a6ea-c7f76afd21c6">
        <cim:SvPowerFlow.p>-22.4478</cim:SvPowerFlow.p>
        <cim:SvPowerFlow.q>122.6053</cim:SvPowerFlow.q>
        <cim:SvPowerFlow.Terminal rdf:resource="#_051d49ba-4360-4372-86bf-50eb8cf29778"/>
    </cim:SvPowerFlow>
    <cim:SvPowerFlow rdf:ID="_3dff7f43-a6ec-4701-aa93-094b13703d53">
        <cim:SvPowerFlow.p>35.58428</cim:SvPowerFlow.p>
        <cim:SvPowerFlow.q>-143.3762</cim:SvPowerFlow.q>
        <cim:SvPowerFlow.Terminal rdf:resource="#_757d4f50-707b-47a0-891c-cbaefd649631"/>
    </cim:SvPowerFlow>
    <cim:SvPowerFlow rdf:ID="_54fea0d5-6280-4f34-8a0a-aa93bc774698">
        <cim:SvPowerFlow.p>29.63636506173362</cim:SvPowerFlow.p>
        <cim:SvPowerFlow.q>-133.19988438989452</cim:SvPowerFlow.q>
        <cim:SvPowerFlow.Terminal rdf:resource="#_02a244ca-8bcb-4e25-8613-e948b8ba1f22"/>
    </cim:SvPowerFlow>
    <cim:SvPowerFlow rdf:ID="_71973918-6640-4a08-bc19-5793f5ad666b">
        <cim:SvPowerFlow.p>-29.63636817488327</cim:SvPowerFlow.p>
        <cim:SvPowerFlow.q>133.19990036371365</cim:SvPowerFlow.q>
        <cim:SvPowerFlow.Terminal rdf:resource="#_ae588863-b154-451d-978a-7ab08ac50fb6"/>
    </cim:SvPowerFlow>
    <cim:SvPowerFlow rdf:ID="_9d902d38-3ec0-485a-a1d0-aac56c704a26">
        <cim:SvPowerFlow.p>-97.27129</cim:SvPowerFlow.p>
        <cim:SvPowerFlow.q>25.37337</cim:SvPowerFlow.q>
        <cim:SvPowerFlow.Terminal rdf:resource="#_5b2c65b0-68ce-4530-85b7-385346a3b5e1"/>
    </cim:SvPowerFlow>
    <cim:SvPowerFlow rdf:ID="_cd4fae3c-32a8-4cba-815c-32027ccc36fc">
        <cim:SvPowerFlow.p>103.3101</cim:SvPowerFlow.p>
        <cim:SvPowerFlow.q>1.329413</cim:SvPowerFlow.q>
        <cim:SvPowerFlow.Terminal rdf:resource="#_5dfee914-a4fd-4bde-a5b4-c4caa6378d10"/>
    </cim:SvPowerFlow>
    <cim:SvPowerFlow rdf:ID="_446f172a-03a6-4666-a3c8-f6eb4227e752">
        <cim:SvPowerFlow.p>101.09531603561652</cim:SvPowerFlow.p>
        <cim:SvPowerFlow.q>-12.36283024711531</cim:SvPowerFlow.q>
        <cim:SvPowerFlow.Terminal rdf:resource="#_57ae9251-c022-4c67-a8eb-611ad54c963c"/>
    </cim:SvPowerFlow>
    <cim:SvPowerFlow rdf:ID="_0c7038c7-4b36-4884-86bb-5b5948f109f8">
        <cim:SvPowerFlow.p>-101.09528745941138</cim:SvPowerFlow.p>
        <cim:SvPowerFlow.q>12.36276806728828</cim:SvPowerFlow.q>
        <cim:SvPowerFlow.Terminal rdf:resource="#_6aecb9ba-5835-4b70-89bc-96d687e45779"/>
    </cim:SvPowerFlow>
    <cim:SvPowerFlow rdf:ID="_4039ee58-c5a7-488e-bd66-fe9a011e58be">
        <cim:SvPowerFlow.p>-79.32483</cim:SvPowerFlow.p>
        <cim:SvPowerFlow.q>7.403422</cim:SvPowerFlow.q>
        <cim:SvPowerFlow.Terminal rdf:resource="#_70d962fb-a492-4c36-8cad-b5c584df53bd"/>
    </cim:SvPowerFlow>
    <cim:SvPowerFlow rdf:ID="_b705a94c-b48b-40f9-b363-a8512b9c1024">
        <cim:SvPowerFlow.p>82.63113</cim:SvPowerFlow.p>
        <cim:SvPowerFlow.q>1.980564</cim:SvPowerFlow.q>
        <cim:SvPowerFlow.Terminal rdf:resource="#_653bc4b8-518b-4adc-9d68-012fb641fb1d"/>
    </cim:SvPowerFlow>
    <cim:SvPowerFlow rdf:ID="_48317917-977e-48c7-9d59-f7d20ed548ab">
        <cim:SvPowerFlow.p>81.13571154111641</cim:SvPowerFlow.p>
        <cim:SvPowerFlow.q>-2.55864832515777</cim:SvPowerFlow.q>
        <cim:SvPowerFlow.Terminal rdf:resource="#_1ef0715a-d5a9-477b-b6e7-b635529ac140"/>
    </cim:SvPowerFlow>
    <cim:SvPowerFlow rdf:ID="_bb031c18-c28c-48f6-9c16-223d7df477e5">
        <cim:SvPowerFlow.p>-81.13570788666996</cim:SvPowerFlow.p>
        <cim:SvPowerFlow.q>2.55864955275297</cim:SvPowerFlow.q>
        <cim:SvPowerFlow.Terminal rdf:resource="#_57979d14-d1d8-4311-ae53-aa8890423885"/>
    </cim:SvPowerFlow>
    <cim:SvPowerFlow rdf:ID="_d64b00d3-137d-4b04-9290-c393269e740b">
        <cim:SvPowerFlow.p>16.98407</cim:SvPowerFlow.p>
        <cim:SvPowerFlow.q>-77.89275</cim:SvPowerFlow.q>
        <cim:SvPowerFlow.Terminal rdf:resource="#_c557146e-dfc4-4020-9738-d592b188338b"/>
    </cim:SvPowerFlow>
    <cim:SvPowerFlow rdf:ID="_226b2988-d9d1-4d99-a651-4176388b157c">
        <cim:SvPowerFlow.p>-3.296199</cim:SvPowerFlow.p>
        <cim:SvPowerFlow.q>70.11537</cim:SvPowerFlow.q>
        <cim:SvPowerFlow.Terminal rdf:resource="#_c14d2036-72ec-4df3-b1b7-75d8afd9a1fe"/>
    </cim:SvPowerFlow>
    <cim:SvPowerFlow rdf:ID="_83102328-e796-407a-9133-83b951f0cfbf">
        <cim:SvPowerFlow.p>-10.13585439689773</cim:SvPowerFlow.p>
        <cim:SvPowerFlow.q>74.35731221335894</cim:SvPowerFlow.q>
        <cim:SvPowerFlow.Terminal rdf:resource="#_8f308117-8bbd-4798-b145-4e78f7d049e7"/>
    </cim:SvPowerFlow>
    <cim:SvPowerFlow rdf:ID="_a888dffe-d349-4379-b846-26cc4a68f6b1">
        <cim:SvPowerFlow.p>10.13586357120853</cim:SvPowerFlow.p>
        <cim:SvPowerFlow.q>-74.35731683629864</cim:SvPowerFlow.q>
        <cim:SvPowerFlow.Terminal rdf:resource="#_f9f29835-8a31-4310-9780-b1ad26f3cbb0"/>
    </cim:SvPowerFlow>
    <cim:SvPowerFlow rdf:ID="_9b3fad2f-0b35-4991-b960-b65a8e05aeb0">
        <cim:SvPowerFlow.p>-5.090775</cim:SvPowerFlow.p>
        <cim:SvPowerFlow.q>45.21693</cim:SvPowerFlow.q>
        <cim:SvPowerFlow.Terminal rdf:resource="#_231a4cf8-5069-4d53-96e4-e839f073f1ea"/>
    </cim:SvPowerFlow>
    <cim:SvPowerFlow rdf:ID="_0ae18662-5af0-4a96-a0f6-b9654f228cbd">
        <cim:SvPowerFlow.p>20.42924</cim:SvPowerFlow.p>
        <cim:SvPowerFlow.q>-93.82133</cim:SvPowerFlow.q>
        <cim:SvPowerFlow.Terminal rdf:resource="#_357e3e14-c38e-4a7e-9c95-b3dbe158f5f3"/>
    </cim:SvPowerFlow>
    <cim:SvPowerFlow rdf:ID="_221206e0-739e-4446-8f38-0e5df1a08968">
        <cim:SvPowerFlow.p>15.32802580323323</cim:SvPowerFlow.p>
        <cim:SvPowerFlow.q>-70.48821364023692</cim:SvPowerFlow.q>
        <cim:SvPowerFlow.Terminal rdf:resource="#_f3b56334-4638-49d3-a6a0-3f417422b8f5"/>
    </cim:SvPowerFlow>
    <cim:SvPowerFlow rdf:ID="_dae11302-b940-4788-8488-8bf03bfb1e06">
        <cim:SvPowerFlow.p>-15.32802065644425</cim:SvPowerFlow.p>
        <cim:SvPowerFlow.q>70.48818879618736</cim:SvPowerFlow.q>
        <cim:SvPowerFlow.Terminal rdf:resource="#_6b1cd30c-19ba-44e1-9447-d01db6b1ef9d"/>
    </cim:SvPowerFlow>
    <cim:SvPowerFlow rdf:ID="_c537ead7-310a-4b10-a12f-d9b65dcbfaf7">
        <cim:SvPowerFlow.p>-113.0572</cim:SvPowerFlow.p>
        <cim:SvPowerFlow.q>31.02444</cim:SvPowerFlow.q>
        <cim:SvPowerFlow.Terminal rdf:resource="#_76e9ca77-f805-40ea-8120-5a6d58416d34"/>
    </cim:SvPowerFlow>
    <cim:SvPowerFlow rdf:ID="_f989b8b1-8fe1-41c7-a4e0-4e087fabe002">
        <cim:SvPowerFlow.p>-3.976199</cim:SvPowerFlow.p>
        <cim:SvPowerFlow.q>-111.9295</cim:SvPowerFlow.q>
        <cim:SvPowerFlow.Terminal rdf:resource="#_53fd6693-57e6-482e-8fbe-dcf3531a7ce0"/>
    </cim:SvPowerFlow>
    <cim:SvPowerFlow rdf:ID="_52bd00e4-212a-4589-8a53-cbc444ff8690">
        <cim:SvPowerFlow.p>117.778</cim:SvPowerFlow.p>
        <cim:SvPowerFlow.q>86.81476</cim:SvPowerFlow.q>
        <cim:SvPowerFlow.Terminal rdf:resource="#_ca0f7e2e-3442-4ada-a704-91f319c0ebe3"/>
    </cim:SvPowerFlow>
    <cim:SvShuntCompensatorSections rdf:ID="_08f9af57-ba6e-4428-a4a3-8183c2ed1a4c">
        <cim:SvShuntCompensatorSections.ShuntCompensator rdf:resource="#_d771118f-36e9-4115-a128-cc3d9ce3e3da"/>
        <cim:SvShuntCompensatorSections.sections>1</cim:SvShuntCompensatorSections.sections>
    </cim:SvShuntCompensatorSections>
    <cim:SvShuntCompensatorSections rdf:ID="_9babfe1e-e2a3-4dfb-8b6d-ae834de6dd1d">
        <cim:SvShuntCompensatorSections.ShuntCompensator rdf:resource="#_fbfed7e3-3dec-4829-a286-029e73535685"/>
        <cim:SvShuntCompensatorSections.sections>1</cim:SvShuntCompensatorSections.sections>
    </cim:SvShuntCompensatorSections>
    <cim:SvShuntCompensatorSections rdf:ID="_0680f040-515d-47eb-8387-69f02f3f8fc0">
        <cim:SvShuntCompensatorSections.ShuntCompensator rdf:resource="#_002b0a40-3957-46db-b84a-30420083558f"/>
        <cim:SvShuntCompensatorSections.sections>1</cim:SvShuntCompensatorSections.sections>
    </cim:SvShuntCompensatorSections>
    <cim:SvTapStep rdf:ID="_ab76fd66-dc8c-4f17-9433-bd14b1f23003">
        <cim:SvTapStep.position>17</cim:SvTapStep.position>
        <cim:SvTapStep.TapChanger rdf:resource="#_ee649b97-d2ec-47e1-976f-0f4d9f50fa11"/>
    </cim:SvTapStep>
    <cim:SvTapStep rdf:ID="_0bbae2e6-415a-42a7-be67-5861c5394ab2">
        <cim:SvTapStep.position>8</cim:SvTapStep.position>
        <cim:SvTapStep.TapChanger rdf:resource="#_341327c4-9224-40bf-bc33-7a3bb0bae680"/>
    </cim:SvTapStep>
    <cim:SvTapStep rdf:ID="_c517c60f-9275-4a4f-b17c-ce3ce25107e4">
        <cim:SvTapStep.position>14</cim:SvTapStep.position>
        <cim:SvTapStep.TapChanger rdf:resource="#_83cc66dd-8d93-4a2c-8103-f1f5a9cf7e2e"/>
    </cim:SvTapStep>
    <cim:SvTapStep rdf:ID="_9da64d35-032f-40e7-a119-3da2944551cd">
        <cim:SvTapStep.position>10</cim:SvTapStep.position>
        <cim:SvTapStep.TapChanger rdf:resource="#_63454a73-f439-45bb-951a-e7b193986571"/>
    </cim:SvTapStep>
    <cim:SvTapStep rdf:ID="_e33fa8c3-bec9-485c-b110-d800e99ef5f5">
        <cim:SvTapStep.position>10</cim:SvTapStep.position>
        <cim:SvTapStep.TapChanger rdf:resource="#_36b83adb-3d45-4693-8967-96627b5f9ec9"/>
    </cim:SvTapStep>
    <cim:SvTapStep rdf:ID="_dc9f6c32-dc6c-4afc-b3ca-61bb79a3f786">
        <cim:SvTapStep.position>5</cim:SvTapStep.position>
        <cim:SvTapStep.TapChanger rdf:resource="#_44b4277a-0f4b-43a8-ad93-6f7d6ef02061"/>
    </cim:SvTapStep>
    <cim:SvTapStep rdf:ID="_c9a97af7-6229-4e4a-8279-77b88955927f">
        <cim:SvTapStep.position>17</cim:SvTapStep.position>
        <cim:SvTapStep.TapChanger rdf:resource="#_fe25f43a-7341-446e-a71a-8ab7119ba806"/>
    </cim:SvTapStep>
    <cim:SvStatus rdf:ID="_f1957725-3673-4458-bc04-717ac5c1061d">
        <cim:SvStatus.inService>true</cim:SvStatus.inService>
        <cim:SvStatus.ConductingEquipment rdf:resource="#_8da0ff82-2f23-4231-ac9b-28b9c9141432"/>
    </cim:SvStatus>
    <cim:SvStatus rdf:ID="_edabbc0b-c377-4e55-bc9b-026878bc612d">
        <cim:SvStatus.inService>true</cim:SvStatus.inService>
        <cim:SvStatus.ConductingEquipment rdf:resource="#_53da4025-9d51-4eaf-b0d2-ce27fbe740d2"/>
    </cim:SvStatus>
    <cim:SvStatus rdf:ID="_24afa1a2-ce2d-4527-9c7c-b6a77eaa053e">
        <cim:SvStatus.inService>true</cim:SvStatus.inService>
        <cim:SvStatus.ConductingEquipment rdf:resource="#_364c9ca2-0d1d-4363-8f46-e586f8f66a8c"/>
    </cim:SvStatus>
    <cim:SvStatus rdf:ID="_c03662e6-e0ce-455a-ba61-3311d5747a93">
        <cim:SvStatus.inService>true</cim:SvStatus.inService>
        <cim:SvStatus.ConductingEquipment rdf:resource="#_84ed55f4-61f5-4d9d-8755-bba7b877a246"/>
    </cim:SvStatus>
    <cim:SvStatus rdf:ID="_c4f4b14e-dc8f-476c-894d-87bbe5ae5207">
        <cim:SvStatus.inService>true</cim:SvStatus.inService>
        <cim:SvStatus.ConductingEquipment rdf:resource="#_2844585c-0d35-488d-a449-685bcd57afbf"/>
    </cim:SvStatus>
    <cim:SvStatus rdf:ID="_1579379d-58d7-49a9-84d3-8f53c15dd7c7">
        <cim:SvStatus.inService>true</cim:SvStatus.inService>
        <cim:SvStatus.ConductingEquipment rdf:resource="#_b1480a00-b427-4001-a26c-51954d2bb7e9"/>
    </cim:SvStatus>
    <cim:SvStatus rdf:ID="_3c59a5fd-09c3-4eea-984b-2dda9b864f67">
        <cim:SvStatus.inService>true</cim:SvStatus.inService>
        <cim:SvStatus.ConductingEquipment rdf:resource="#_1dc9afba-23b5-41a0-8540-b479ed8baf4b"/>
    </cim:SvStatus>
    <cim:SvStatus rdf:ID="_f8fe51d4-de7f-444b-8ee7-12776b43006f">
        <cim:SvStatus.inService>true</cim:SvStatus.inService>
        <cim:SvStatus.ConductingEquipment rdf:resource="#_e6d49e32-b634-4b86-a8ca-15159f1497b5"/>
    </cim:SvStatus>
    <cim:SvStatus rdf:ID="_b2d87518-e5fb-4339-b951-0d49143f5385">
        <cim:SvStatus.inService>true</cim:SvStatus.inService>
        <cim:SvStatus.ConductingEquipment rdf:resource="#_9c3b8f97-7972-477d-9dc8-87365cc0ad0e"/>
    </cim:SvStatus>
    <cim:SvStatus rdf:ID="_ed26f15a-2805-4cc3-b12d-ffe31723b610">
        <cim:SvStatus.inService>true</cim:SvStatus.inService>
        <cim:SvStatus.ConductingEquipment rdf:resource="#_64901aec-5a8a-4bcb-8ca7-a3ddbfcd0e6c"/>
    </cim:SvStatus>
    <cim:SvStatus rdf:ID="_699d1fc9-0c8c-496e-8139-ce6756512a28">
        <cim:SvStatus.inService>true</cim:SvStatus.inService>
        <cim:SvStatus.ConductingEquipment rdf:resource="#_63f25be7-7592-4cf1-8401-5772046ef2ae"/>
    </cim:SvStatus>
    <cim:SvStatus rdf:ID="_f560b273-7e80-4bf7-95e1-800ef8dbb8ea">
        <cim:SvStatus.inService>true</cim:SvStatus.inService>
        <cim:SvStatus.ConductingEquipment rdf:resource="#_fd649fe1-bdf5-4062-98ea-bbb66f50402d"/>
    </cim:SvStatus>
    <cim:SvStatus rdf:ID="_9472143d-f74e-4bcd-9ace-ff3821a91f91">
        <cim:SvStatus.inService>true</cim:SvStatus.inService>
        <cim:SvStatus.ConductingEquipment rdf:resource="#_1c6beed6-1acf-42e7-ba55-0cc9f04bddd8"/>
    </cim:SvStatus>
    <cim:SvStatus rdf:ID="_ab44699b-4f5d-416b-ab11-1682a771e393">
        <cim:SvStatus.inService>true</cim:SvStatus.inService>
        <cim:SvStatus.ConductingEquipment rdf:resource="#_fbfed7e3-3dec-4829-a286-029e73535685"/>
    </cim:SvStatus>
    <cim:SvStatus rdf:ID="_e09990e3-e1b8-4071-9929-ab064e177912">
        <cim:SvStatus.inService>true</cim:SvStatus.inService>
        <cim:SvStatus.ConductingEquipment rdf:resource="#_ef45b632-3028-4afe-bc4c-a4fa323d83fe"/>
    </cim:SvStatus>
    <cim:SvStatus rdf:ID="_affb6545-f7b5-4cb5-a49f-3d159625f6ba">
        <cim:SvStatus.inService>true</cim:SvStatus.inService>
        <cim:SvStatus.ConductingEquipment rdf:resource="#_12733133-1f34-44f3-a020-f5b33cede919"/>
    </cim:SvStatus>
    <cim:SvStatus rdf:ID="_74174dcb-c3ba-4a81-86b7-df460d7f2bee">
        <cim:SvStatus.inService>true</cim:SvStatus.inService>
        <cim:SvStatus.ConductingEquipment rdf:resource="#_df16b3dd-c905-4a6f-84ee-f067be86f5da"/>
    </cim:SvStatus>
    <cim:SvStatus rdf:ID="_5967435c-76c8-4ce0-8a57-06cf8978cf87">
        <cim:SvStatus.inService>true</cim:SvStatus.inService>
        <cim:SvStatus.ConductingEquipment rdf:resource="#_ffbabc27-1ccd-4fdc-b037-e341706c8d29"/>
    </cim:SvStatus>
    <cim:SvStatus rdf:ID="_3291e8a4-4339-433e-8449-4362502d0aa5">
        <cim:SvStatus.inService>true</cim:SvStatus.inService>
        <cim:SvStatus.ConductingEquipment rdf:resource="#_b1e03a8f-6a11-4454-af58-4a4a680e857f"/>
    </cim:SvStatus>
    <cim:SvStatus rdf:ID="_bd1c9f65-6026-4909-996d-3d1ee1c5eada">
        <cim:SvStatus.inService>true</cim:SvStatus.inService>
        <cim:SvStatus.ConductingEquipment rdf:resource="#_550ebe0d-f2b2-48c1-991f-cebea43a21aa"/>
    </cim:SvStatus>
    <cim:SvStatus rdf:ID="_9c369634-9cbf-4ebb-8588-31eb46578994">
        <cim:SvStatus.inService>true</cim:SvStatus.inService>
        <cim:SvStatus.ConductingEquipment rdf:resource="#_3a3b27be-b18b-4385-b557-6735d733baf0"/>
    </cim:SvStatus>
    <cim:SvStatus rdf:ID="_d8feee05-b097-4cf7-94eb-05aa4c10f83f">
        <cim:SvStatus.inService>true</cim:SvStatus.inService>
        <cim:SvStatus.ConductingEquipment rdf:resource="#_b58bf21a-096a-4dae-9a01-3f03b60c24c7"/>
    </cim:SvStatus>
    <cim:SvStatus rdf:ID="_117909d3-22c7-42a9-85ed-d07783971ae3">
        <cim:SvStatus.inService>true</cim:SvStatus.inService>
        <cim:SvStatus.ConductingEquipment rdf:resource="#_25ab1b5b-6803-47e2-805a-ab7b2072e034"/>
    </cim:SvStatus>
    <cim:SvStatus rdf:ID="_351a78e7-c70f-4761-abca-80e22fc5c31f">
        <cim:SvStatus.inService>true</cim:SvStatus.inService>
        <cim:SvStatus.ConductingEquipment rdf:resource="#_d6986ea6-fadc-4113-806a-a8f95f62c216"/>
    </cim:SvStatus>
    <cim:SvStatus rdf:ID="_ac53babf-3fe9-4b8e-aa9f-8f1c27cbc3e8">
        <cim:SvStatus.inService>true</cim:SvStatus.inService>
        <cim:SvStatus.ConductingEquipment rdf:resource="#_69add5b4-70bd-4360-8a93-286256c0d38b"/>
    </cim:SvStatus>
    <cim:SvStatus rdf:ID="_b5dba70a-e54a-4df4-9af6-61f26b85df58">
        <cim:SvStatus.inService>true</cim:SvStatus.inService>
        <cim:SvStatus.ConductingEquipment rdf:resource="#_143aa0b1-2cd4-4e58-98d4-b0438bd5a39a"/>
    </cim:SvStatus>
    <cim:SvStatus rdf:ID="_4fe743ea-e475-4714-802b-9b1879b7a9f2">
        <cim:SvStatus.inService>true</cim:SvStatus.inService>
        <cim:SvStatus.ConductingEquipment rdf:resource="#_2184f365-8cd5-4b5d-8a28-9d68603bb6a4"/>
    </cim:SvStatus>
    <cim:SvStatus rdf:ID="_c31bcfa6-493b-40e0-a26d-17008af256a1">
        <cim:SvStatus.inService>true</cim:SvStatus.inService>
        <cim:SvStatus.ConductingEquipment rdf:resource="#_5caf27ed-d2f8-458a-834a-6b3193a982e6"/>
    </cim:SvStatus>
    <cim:SvStatus rdf:ID="_7b512466-8383-4d47-be8c-3d103a59432d">
        <cim:SvStatus.inService>true</cim:SvStatus.inService>
        <cim:SvStatus.ConductingEquipment rdf:resource="#_c8ce5e08-5ee3-42d9-aa44-5792db252d9f"/>
    </cim:SvStatus>
    <cim:SvStatus rdf:ID="_c1dbe5f6-e000-497c-a943-646ec39817b3">
        <cim:SvStatus.inService>true</cim:SvStatus.inService>
        <cim:SvStatus.ConductingEquipment rdf:resource="#_d771118f-36e9-4115-a128-cc3d9ce3e3da"/>
    </cim:SvStatus>
    <cim:SvStatus rdf:ID="_b9be33ff-3674-4a73-b057-45d234b04113">
        <cim:SvStatus.inService>true</cim:SvStatus.inService>
        <cim:SvStatus.ConductingEquipment rdf:resource="#_e8a7eaec-51d6-4571-b3d9-c36d52073c33"/>
    </cim:SvStatus>
    <cim:SvStatus rdf:ID="_6fec5ecb-2ae4-4531-aefd-a797c778bce6">
        <cim:SvStatus.inService>true</cim:SvStatus.inService>
        <cim:SvStatus.ConductingEquipment rdf:resource="#_cb459405-cc14-4215-a45c-416789205904"/>
    </cim:SvStatus>
    <cim:SvStatus rdf:ID="_e9b9c7e9-a048-4ce0-87f8-f292e29692c9">
        <cim:SvStatus.inService>true</cim:SvStatus.inService>
        <cim:SvStatus.ConductingEquipment rdf:resource="#_a708c3bc-465d-4fe7-b6ef-6fa6408a62b0"/>
    </cim:SvStatus>
    <cim:SvStatus rdf:ID="_d5f98371-9659-4601-acb3-8ce42e0946b9">
        <cim:SvStatus.inService>true</cim:SvStatus.inService>
        <cim:SvStatus.ConductingEquipment rdf:resource="#_b94318f6-6d24-4f56-96b9-df2531ad6543"/>
    </cim:SvStatus>
    <cim:SvStatus rdf:ID="_8d187fe5-8a29-48b0-b929-b5f961c0cfa3">
        <cim:SvStatus.inService>true</cim:SvStatus.inService>
        <cim:SvStatus.ConductingEquipment rdf:resource="#_80016742-31b3-432a-b00a-300667a1e572"/>
    </cim:SvStatus>
    <cim:SvStatus rdf:ID="_0b264405-81df-4e15-9d65-bdab3afb61de">
        <cim:SvStatus.inService>true</cim:SvStatus.inService>
        <cim:SvStatus.ConductingEquipment rdf:resource="#_e482b89a-fa84-4ea9-8e70-a83d44790957"/>
    </cim:SvStatus>
    <cim:SvStatus rdf:ID="_b5009ef5-7938-425a-94a5-53dae8608439">
        <cim:SvStatus.inService>true</cim:SvStatus.inService>
        <cim:SvStatus.ConductingEquipment rdf:resource="#_002b0a40-3957-46db-b84a-30420083558f"/>
    </cim:SvStatus>
</rdf:RDF>
