<?xml version="1.0" encoding="UTF-8"?>
<rdf:RDF xmlns:eu="http://iec.ch/TC57/CIM100-European#" xmlns:rdf="http://www.w3.org/1999/02/22-rdf-syntax-ns#" xmlns:cim="http://iec.ch/TC57/CIM100#" xmlns:md="http://iec.ch/TC57/61970-552/ModelDescription/1#">
    <md:FullModel rdf:about="urn:uuid:a0b037e8-39df-4417-b55a-4d084f6e452e">
        <md:Model.scenarioTime>2021-02-09T19:30:00Z</md:Model.scenarioTime>
        <md:Model.created>2023-06-02T12:24:11Z</md:Model.created>
        <md:Model.description>TP Model</md:Model.description>
        <md:Model.version>1</md:Model.version>
        <md:Model.DependentOn rdf:resource="urn:uuid:d8ba63a9-4453-45dc-9273-a8a01ff49269"/>
        <md:Model.DependentOn rdf:resource="urn:uuid:536f9bf1-3f8f-a546-87e3-7af2272f29b7"/>
        <md:Model.profile>http://iec.ch/TC57/ns/CIM/Topology-EU/3.0</md:Model.profile>
        <md:Model.modelingAuthoritySet>powsybl.org</md:Model.modelingAuthoritySet>
    </md:FullModel>
    <cim:TopologicalNode rdf:ID="_8bbd7e74-ae20-4dce-8780-c20f8e18c2e0_0">
        <cim:IdentifiedObject.mRID>8bbd7e74-ae20-4dce-8780-c20f8e18c2e0_0</cim:IdentifiedObject.mRID>
        <cim:IdentifiedObject.name>110.0_0</cim:IdentifiedObject.name>
        <cim:TopologicalNode.ConnectivityNodeContainer rdf:resource="#_8bbd7e74-ae20-4dce-8780-c20f8e18c2e0"/>
        <cim:TopologicalNode.BaseVoltage rdf:resource="#_00b17311-075f-48f6-a79b-597f42af4694"/>
    </cim:TopologicalNode>
    <cim:TopologicalNode rdf:ID="_469df5f7-058f-4451-a998-57a48e8a56fe_0">
        <cim:IdentifiedObject.mRID>469df5f7-058f-4451-a998-57a48e8a56fe_0</cim:IdentifiedObject.mRID>
        <cim:IdentifiedObject.name>380.0_0</cim:IdentifiedObject.name>
        <cim:TopologicalNode.ConnectivityNodeContainer rdf:resource="#_469df5f7-058f-4451-a998-57a48e8a56fe"/>
        <cim:TopologicalNode.BaseVoltage rdf:resource="#_35cf638d-9a9d-4ae5-ae90-2f01ef898cb6"/>
    </cim:TopologicalNode>
    <cim:TopologicalNode rdf:ID="_69ef0dbd-da79-4eef-a02f-690cb8a28361_0">
        <cim:IdentifiedObject.mRID>69ef0dbd-da79-4eef-a02f-690cb8a28361_0</cim:IdentifiedObject.mRID>
        <cim:IdentifiedObject.name>225.0_0</cim:IdentifiedObject.name>
        <cim:TopologicalNode.ConnectivityNodeContainer rdf:resource="#_69ef0dbd-da79-4eef-a02f-690cb8a28361"/>
        <cim:TopologicalNode.BaseVoltage rdf:resource="#_63893f24-5b4e-407c-9a1e-4ff71121f33c"/>
    </cim:TopologicalNode>
    <cim:TopologicalNode rdf:ID="_69ef0dbd-da79-4eef-a02f-690cb8a28361_3">
        <cim:IdentifiedObject.mRID>69ef0dbd-da79-4eef-a02f-690cb8a28361_3</cim:IdentifiedObject.mRID>
        <cim:IdentifiedObject.name>225.0_3</cim:IdentifiedObject.name>
        <cim:TopologicalNode.ConnectivityNodeContainer rdf:resource="#_69ef0dbd-da79-4eef-a02f-690cb8a28361"/>
        <cim:TopologicalNode.BaseVoltage rdf:resource="#_63893f24-5b4e-407c-9a1e-4ff71121f33c"/>
    </cim:TopologicalNode>
    <cim:TopologicalNode rdf:ID="_929ba893-c9dc-44d7-b1fd-30834bd3ab85_0">
        <cim:IdentifiedObject.mRID>929ba893-c9dc-44d7-b1fd-30834bd3ab85_0</cim:IdentifiedObject.mRID>
        <cim:IdentifiedObject.name>21.0_0</cim:IdentifiedObject.name>
        <cim:TopologicalNode.ConnectivityNodeContainer rdf:resource="#_929ba893-c9dc-44d7-b1fd-30834bd3ab85"/>
        <cim:TopologicalNode.BaseVoltage rdf:resource="#_1cefd53a-79bd-4ad4-aa9a-5a4ad0191ce2"/>
    </cim:TopologicalNode>
    <cim:TopologicalNode rdf:ID="_b10b171b-3bc5-4849-bb1f-61ed9ea1ec7c_0">
        <cim:IdentifiedObject.mRID>b10b171b-3bc5-4849-bb1f-61ed9ea1ec7c_0</cim:IdentifiedObject.mRID>
        <cim:IdentifiedObject.name>225.0_0</cim:IdentifiedObject.name>
        <cim:TopologicalNode.ConnectivityNodeContainer rdf:resource="#_b10b171b-3bc5-4849-bb1f-61ed9ea1ec7c"/>
        <cim:TopologicalNode.BaseVoltage rdf:resource="#_63893f24-5b4e-407c-9a1e-4ff71121f33c"/>
    </cim:TopologicalNode>
    <cim:TopologicalNode rdf:ID="_4ba71b59-ee2f-450b-9f7d-cc2f1cc5e386_0">
        <cim:IdentifiedObject.mRID>4ba71b59-ee2f-450b-9f7d-cc2f1cc5e386_0</cim:IdentifiedObject.mRID>
        <cim:IdentifiedObject.name>10.5_0</cim:IdentifiedObject.name>
        <cim:TopologicalNode.ConnectivityNodeContainer rdf:resource="#_4ba71b59-ee2f-450b-9f7d-cc2f1cc5e386"/>
        <cim:TopologicalNode.BaseVoltage rdf:resource="#_862a4658-6b03-4550-9de2-b5c413912b75"/>
    </cim:TopologicalNode>
    <cim:TopologicalNode rdf:ID="_8d8a82ba-b5b0-4e94-861a-192af055f2b8_0">
        <cim:IdentifiedObject.mRID>8d8a82ba-b5b0-4e94-861a-192af055f2b8_0</cim:IdentifiedObject.mRID>
        <cim:IdentifiedObject.name>15.8_0</cim:IdentifiedObject.name>
        <cim:TopologicalNode.ConnectivityNodeContainer rdf:resource="#_8d8a82ba-b5b0-4e94-861a-192af055f2b8"/>
        <cim:TopologicalNode.BaseVoltage rdf:resource="#_abb2348a-aa10-446f-9f5d-49f93f211535"/>
    </cim:TopologicalNode>
    <cim:TopologicalNode rdf:ID="_8d8a82ba-b5b0-4e94-861a-192af055f2b8_1">
        <cim:IdentifiedObject.mRID>8d8a82ba-b5b0-4e94-861a-192af055f2b8_1</cim:IdentifiedObject.mRID>
        <cim:IdentifiedObject.name>15.8_1</cim:IdentifiedObject.name>
        <cim:TopologicalNode.ConnectivityNodeContainer rdf:resource="#_8d8a82ba-b5b0-4e94-861a-192af055f2b8"/>
        <cim:TopologicalNode.BaseVoltage rdf:resource="#_abb2348a-aa10-446f-9f5d-49f93f211535"/>
    </cim:TopologicalNode>
    <cim:TopologicalNode rdf:ID="_8d8a82ba-b5b0-4e94-861a-192af055f2b8_9">
        <cim:IdentifiedObject.mRID>8d8a82ba-b5b0-4e94-861a-192af055f2b8_9</cim:IdentifiedObject.mRID>
        <cim:IdentifiedObject.name>15.8_9</cim:IdentifiedObject.name>
        <cim:TopologicalNode.ConnectivityNodeContainer rdf:resource="#_8d8a82ba-b5b0-4e94-861a-192af055f2b8"/>
        <cim:TopologicalNode.BaseVoltage rdf:resource="#_abb2348a-aa10-446f-9f5d-49f93f211535"/>
    </cim:TopologicalNode>
    <cim:TopologicalNode rdf:ID="_8d8a82ba-b5b0-4e94-861a-192af055f2b8_10">
        <cim:IdentifiedObject.mRID>8d8a82ba-b5b0-4e94-861a-192af055f2b8_10</cim:IdentifiedObject.mRID>
        <cim:IdentifiedObject.name>15.8_10</cim:IdentifiedObject.name>
        <cim:TopologicalNode.ConnectivityNodeContainer rdf:resource="#_8d8a82ba-b5b0-4e94-861a-192af055f2b8"/>
        <cim:TopologicalNode.BaseVoltage rdf:resource="#_abb2348a-aa10-446f-9f5d-49f93f211535"/>
    </cim:TopologicalNode>
    <cim:TopologicalNode rdf:ID="_b7998ae6-0cc6-4dfe-8fec-0b549b07b6c3_0">
        <cim:IdentifiedObject.mRID>b7998ae6-0cc6-4dfe-8fec-0b549b07b6c3_0</cim:IdentifiedObject.mRID>
        <cim:IdentifiedObject.name>400.0_0</cim:IdentifiedObject.name>
        <cim:TopologicalNode.ConnectivityNodeContainer rdf:resource="#_b7998ae6-0cc6-4dfe-8fec-0b549b07b6c3"/>
        <cim:TopologicalNode.BaseVoltage rdf:resource="#_597e44dc-2a6e-4c62-82f3-f82cc46e0e14"/>
    </cim:TopologicalNode>
    <cim:TopologicalNode rdf:ID="_d77b61ef-61aa-4b22-95f6-b56ca080788d_1">
        <cim:IdentifiedObject.mRID>d77b61ef-61aa-4b22-95f6-b56ca080788d_1</cim:IdentifiedObject.mRID>
        <cim:IdentifiedObject.name>220.0_1</cim:IdentifiedObject.name>
        <cim:TopologicalNode.ConnectivityNodeContainer rdf:resource="#_d77b61ef-61aa-4b22-95f6-b56ca080788d"/>
        <cim:TopologicalNode.BaseVoltage rdf:resource="#_a7f1d8de-d658-428a-821b-3a5ae5965fd1"/>
    </cim:TopologicalNode>
    <cim:TopologicalNode rdf:ID="_d77b61ef-61aa-4b22-95f6-b56ca080788d_0">
        <cim:IdentifiedObject.mRID>d77b61ef-61aa-4b22-95f6-b56ca080788d_0</cim:IdentifiedObject.mRID>
        <cim:IdentifiedObject.name>220.0_0</cim:IdentifiedObject.name>
        <cim:TopologicalNode.ConnectivityNodeContainer rdf:resource="#_d77b61ef-61aa-4b22-95f6-b56ca080788d"/>
        <cim:TopologicalNode.BaseVoltage rdf:resource="#_a7f1d8de-d658-428a-821b-3a5ae5965fd1"/>
    </cim:TopologicalNode>
    <cim:Terminal rdf:about="#_3c6d83a3-b5f9-41a2-a3d9-cf15d903ed0a">
        <cim:Terminal.TopologicalNode rdf:resource="#_69ef0dbd-da79-4eef-a02f-690cb8a28361_0"/>
    </cim:Terminal>
    <cim:Terminal rdf:about="#_0f199d49-0093-4b51-b357-70371424d174">
        <cim:Terminal.TopologicalNode rdf:resource="#_8d8a82ba-b5b0-4e94-861a-192af055f2b8_0"/>
    </cim:Terminal>
    <cim:Terminal rdf:about="#_c14d2036-72ec-4df3-b1b7-75d8afd9a1fe">
        <cim:Terminal.TopologicalNode rdf:resource="#_469df5f7-058f-4451-a998-57a48e8a56fe_0"/>
    </cim:Terminal>
    <cim:Terminal rdf:about="#_a1b46f53-86f1-497e-bf57-c3b6268bcd6c">
        <cim:Terminal.TopologicalNode rdf:resource="#_8bbd7e74-ae20-4dce-8780-c20f8e18c2e0_0"/>
    </cim:Terminal>
    <cim:Terminal rdf:about="#_76e9ca77-f805-40ea-8120-5a6d58416d34">
        <cim:Terminal.TopologicalNode rdf:resource="#_469df5f7-058f-4451-a998-57a48e8a56fe_0"/>
    </cim:Terminal>
    <cim:Terminal rdf:about="#_53fd6693-57e6-482e-8fbe-dcf3531a7ce0">
        <cim:Terminal.TopologicalNode rdf:resource="#_b10b171b-3bc5-4849-bb1f-61ed9ea1ec7c_0"/>
    </cim:Terminal>
    <cim:Terminal rdf:about="#_ca0f7e2e-3442-4ada-a704-91f319c0ebe3">
        <cim:Terminal.TopologicalNode rdf:resource="#_929ba893-c9dc-44d7-b1fd-30834bd3ab85_0"/>
    </cim:Terminal>
    <cim:Terminal rdf:about="#_ae4b7cbe-349a-41c8-ace2-25ec26f14a64">
        <cim:Terminal.TopologicalNode rdf:resource="#_8d8a82ba-b5b0-4e94-861a-192af055f2b8_0"/>
    </cim:Terminal>
    <cim:Terminal rdf:about="#_b9376bea-c75d-49f3-94ca-6a71fa0086a5">
        <cim:Terminal.TopologicalNode rdf:resource="#_69ef0dbd-da79-4eef-a02f-690cb8a28361_0"/>
    </cim:Terminal>
    <cim:Terminal rdf:about="#_f04ecab5-1a12-4cc0-ba56-b157ebf11a42">
        <cim:Terminal.TopologicalNode rdf:resource="#_8d8a82ba-b5b0-4e94-861a-192af055f2b8_0"/>
    </cim:Terminal>
    <cim:Terminal rdf:about="#_653bc4b8-518b-4adc-9d68-012fb641fb1d">
        <cim:Terminal.TopologicalNode rdf:resource="#_d77b61ef-61aa-4b22-95f6-b56ca080788d_0"/>
    </cim:Terminal>
    <cim:Terminal rdf:about="#_42800bad-5e47-42e6-b9b0-1fb8fc5831aa">
        <cim:Terminal.TopologicalNode rdf:resource="#_8d8a82ba-b5b0-4e94-861a-192af055f2b8_1"/>
    </cim:Terminal>
    <cim:Terminal rdf:about="#_faab7959-f9bf-421b-bc3f-d364e0c1388b">
        <cim:Terminal.TopologicalNode rdf:resource="#_8d8a82ba-b5b0-4e94-861a-192af055f2b8_1"/>
    </cim:Terminal>
    <cim:Terminal rdf:about="#_fa9e0f4d-8a2f-45e1-9e36-3611600d1c94">
        <cim:Terminal.TopologicalNode rdf:resource="#_469df5f7-058f-4451-a998-57a48e8a56fe_0"/>
    </cim:Terminal>
    <cim:Terminal rdf:about="#_051d49ba-4360-4372-86bf-50eb8cf29778">
        <cim:Terminal.TopologicalNode rdf:resource="#_469df5f7-058f-4451-a998-57a48e8a56fe_0"/>
    </cim:Terminal>
    <cim:Terminal rdf:about="#_8f1c492f-a7cc-4160-9a14-54f1743e4850">
        <cim:Terminal.TopologicalNode rdf:resource="#_b10b171b-3bc5-4849-bb1f-61ed9ea1ec7c_0"/>
    </cim:Terminal>
    <cim:Terminal rdf:about="#_757d4f50-707b-47a0-891c-cbaefd649631">
        <cim:Terminal.TopologicalNode rdf:resource="#_b7998ae6-0cc6-4dfe-8fec-0b549b07b6c3_0"/>
    </cim:Terminal>
    <cim:Terminal rdf:about="#_65b8c937-9b25-4b9e-addf-602dbc1337f9">
        <cim:Terminal.TopologicalNode rdf:resource="#_4ba71b59-ee2f-450b-9f7d-cc2f1cc5e386_0"/>
    </cim:Terminal>
    <cim:Terminal rdf:about="#_a036b765-1669-4f64-acd3-1e8fbd513312">
        <cim:Terminal.TopologicalNode rdf:resource="#_b10b171b-3bc5-4849-bb1f-61ed9ea1ec7c_0"/>
    </cim:Terminal>
    <cim:Terminal rdf:about="#_a015f692-3fc5-4ec3-8d1d-977c7b499e7c">
        <cim:Terminal.TopologicalNode rdf:resource="#_b7998ae6-0cc6-4dfe-8fec-0b549b07b6c3_0"/>
    </cim:Terminal>
    <cim:Terminal rdf:about="#_800ada75-8c8c-4568-aec5-20f799e45f3c">
        <cim:Terminal.TopologicalNode rdf:resource="#_69ef0dbd-da79-4eef-a02f-690cb8a28361_0"/>
    </cim:Terminal>
    <cim:Terminal rdf:about="#_ecea10ff-e006-436b-a86a-beac4c2a30c1">
        <cim:Terminal.TopologicalNode rdf:resource="#_d77b61ef-61aa-4b22-95f6-b56ca080788d_0"/>
    </cim:Terminal>
    <cim:Terminal rdf:about="#_8171fc34-6891-40e0-92d1-da9f4ba69e26">
        <cim:Terminal.TopologicalNode rdf:resource="#_69ef0dbd-da79-4eef-a02f-690cb8a28361_0"/>
    </cim:Terminal>
    <cim:Terminal rdf:about="#_13dcec71-4b02-4c0c-93a7-8e16db4aa0b7">
        <cim:Terminal.TopologicalNode rdf:resource="#_69ef0dbd-da79-4eef-a02f-690cb8a28361_3"/>
    </cim:Terminal>
    <cim:Terminal rdf:about="#_05a17350-55f5-4a00-9a50-8c0048a25495">
        <cim:Terminal.TopologicalNode rdf:resource="#_b10b171b-3bc5-4849-bb1f-61ed9ea1ec7c_0"/>
    </cim:Terminal>
    <cim:Terminal rdf:about="#_a4d42d33-ae54-4fe9-ad59-f30da0dfb809">
        <cim:Terminal.TopologicalNode rdf:resource="#_69ef0dbd-da79-4eef-a02f-690cb8a28361_0"/>
    </cim:Terminal>
    <cim:Terminal rdf:about="#_fab54e9c-b12e-4e47-a9f2-fec4ef96c0c0">
        <cim:Terminal.TopologicalNode rdf:resource="#_d77b61ef-61aa-4b22-95f6-b56ca080788d_1"/>
    </cim:Terminal>
    <cim:Terminal rdf:about="#_4bb5407b-b4a5-416c-80ad-1a778ada2b9b">
        <cim:Terminal.TopologicalNode rdf:resource="#_929ba893-c9dc-44d7-b1fd-30834bd3ab85_0"/>
    </cim:Terminal>
    <cim:Terminal rdf:about="#_beffa353-7d10-421d-9c08-036b744b1cee">
        <cim:Terminal.TopologicalNode rdf:resource="#_4ba71b59-ee2f-450b-9f7d-cc2f1cc5e386_0"/>
    </cim:Terminal>
    <cim:Terminal rdf:about="#_699545b9-82b9-4331-bc80-538d73b4ba56">
        <cim:Terminal.TopologicalNode rdf:resource="#_b10b171b-3bc5-4849-bb1f-61ed9ea1ec7c_0"/>
    </cim:Terminal>
    <cim:Terminal rdf:about="#_77f04391-aa23-49b6-b3e9-6089130bb5d5">
        <cim:Terminal.TopologicalNode rdf:resource="#_69ef0dbd-da79-4eef-a02f-690cb8a28361_0"/>
    </cim:Terminal>
    <cim:Terminal rdf:about="#_5dfee914-a4fd-4bde-a5b4-c4caa6378d10">
        <cim:Terminal.TopologicalNode rdf:resource="#_d77b61ef-61aa-4b22-95f6-b56ca080788d_0"/>
    </cim:Terminal>
    <cim:Terminal rdf:about="#_6dad1a97-6874-4206-a5a5-837e495325f8">
        <cim:Terminal.TopologicalNode rdf:resource="#_b7998ae6-0cc6-4dfe-8fec-0b549b07b6c3_0"/>
    </cim:Terminal>
    <cim:Terminal rdf:about="#_ad794c0e-b9ec-420b-ada1-97680e3dde05">
        <cim:Terminal.TopologicalNode rdf:resource="#_69ef0dbd-da79-4eef-a02f-690cb8a28361_0"/>
    </cim:Terminal>
    <cim:Terminal rdf:about="#_f461fd2d-1e41-4a3e-8213-7cc33c77a089">
        <cim:Terminal.TopologicalNode rdf:resource="#_b7998ae6-0cc6-4dfe-8fec-0b549b07b6c3_0"/>
    </cim:Terminal>
    <cim:Terminal rdf:about="#_50f00b94-fe0f-48fd-887e-f0d4d59eee87">
        <cim:Terminal.TopologicalNode rdf:resource="#_d77b61ef-61aa-4b22-95f6-b56ca080788d_1"/>
    </cim:Terminal>
    <cim:Terminal rdf:about="#_357e3e14-c38e-4a7e-9c95-b3dbe158f5f3">
        <cim:Terminal.TopologicalNode rdf:resource="#_b7998ae6-0cc6-4dfe-8fec-0b549b07b6c3_0"/>
    </cim:Terminal>
    <cim:Terminal rdf:about="#_1128e664-0653-448a-9068-e37f1a097c05">
        <cim:Terminal.TopologicalNode rdf:resource="#_d77b61ef-61aa-4b22-95f6-b56ca080788d_0"/>
    </cim:Terminal>
    <cim:Terminal rdf:about="#_da232169-1c36-495a-8af6-a0d7d2b39f52">
        <cim:Terminal.TopologicalNode rdf:resource="#_8d8a82ba-b5b0-4e94-861a-192af055f2b8_0"/>
    </cim:Terminal>
    <cim:Terminal rdf:about="#_62fc0a4e-00aa-4bf7-b1a0-3a5b2c0b5492">
        <cim:Terminal.TopologicalNode rdf:resource="#_b10b171b-3bc5-4849-bb1f-61ed9ea1ec7c_0"/>
    </cim:Terminal>
    <cim:Terminal rdf:about="#_302fe23a-f64d-41bd-8a81-78130433916d">
        <cim:Terminal.TopologicalNode rdf:resource="#_b10b171b-3bc5-4849-bb1f-61ed9ea1ec7c_0"/>
    </cim:Terminal>
    <cim:Terminal rdf:about="#_d5e2e58e-ccf6-47d9-b3bb-3088eb7a9b6c">
        <cim:Terminal.TopologicalNode rdf:resource="#_8bbd7e74-ae20-4dce-8780-c20f8e18c2e0_0"/>
    </cim:Terminal>
    <cim:Terminal rdf:about="#_e3e0c496-5837-4f0f-a596-cc421940f73f">
        <cim:Terminal.TopologicalNode rdf:resource="#_b7998ae6-0cc6-4dfe-8fec-0b549b07b6c3_0"/>
    </cim:Terminal>
    <cim:Terminal rdf:about="#_baa7aef1-afcd-4981-97c0-ccec7b5ad4e0">
        <cim:Terminal.TopologicalNode rdf:resource="#_d77b61ef-61aa-4b22-95f6-b56ca080788d_1"/>
    </cim:Terminal>
    <cim:Terminal rdf:about="#_cbdf1842-74ed-4fce-a5d4-0296c82cbc92">
        <cim:Terminal.TopologicalNode rdf:resource="#_8bbd7e74-ae20-4dce-8780-c20f8e18c2e0_0"/>
    </cim:Terminal>
    <cim:Terminal rdf:about="#_c3774d3f-f48c-4954-a0cf-b4572eb714fd">
        <cim:Terminal.TopologicalNode rdf:resource="#_469df5f7-058f-4451-a998-57a48e8a56fe_0"/>
    </cim:Terminal>
    <cim:Terminal rdf:about="#_2cd21c77-b8b1-4896-95fb-240f45b9ac89">
        <cim:Terminal.TopologicalNode rdf:resource="#_8bbd7e74-ae20-4dce-8780-c20f8e18c2e0_0"/>
    </cim:Terminal>
    <cim:Terminal rdf:about="#_4c19ace6-c825-4c5b-87d9-031e6e6a3379">
        <cim:Terminal.TopologicalNode rdf:resource="#_b10b171b-3bc5-4849-bb1f-61ed9ea1ec7c_0"/>
    </cim:Terminal>
    <cim:Terminal rdf:about="#_ab7ece75-d726-48c8-a924-b0a9325e6d51">
        <cim:Terminal.TopologicalNode rdf:resource="#_8bbd7e74-ae20-4dce-8780-c20f8e18c2e0_0"/>
    </cim:Terminal>
    <cim:Terminal rdf:about="#_231a4cf8-5069-4d53-96e4-e839f073f1ea">
        <cim:Terminal.TopologicalNode rdf:resource="#_469df5f7-058f-4451-a998-57a48e8a56fe_0"/>
    </cim:Terminal>
    <cim:Terminal rdf:about="#_bd61b1f9-474d-424e-9709-42f75337c477">
        <cim:Terminal.TopologicalNode rdf:resource="#_d77b61ef-61aa-4b22-95f6-b56ca080788d_1"/>
    </cim:Terminal>
    <cim:Terminal rdf:about="#_4f1c405f-07c9-4fb0-b64e-551896a29aa8">
        <cim:Terminal.TopologicalNode rdf:resource="#_8d8a82ba-b5b0-4e94-861a-192af055f2b8_1"/>
    </cim:Terminal>
    <cim:Terminal rdf:about="#_c557146e-dfc4-4020-9738-d592b188338b">
        <cim:Terminal.TopologicalNode rdf:resource="#_b7998ae6-0cc6-4dfe-8fec-0b549b07b6c3_0"/>
    </cim:Terminal>
    <cim:Terminal rdf:about="#_ca7974cf-b25e-4898-9221-7154233e5eb2">
        <cim:Terminal.TopologicalNode rdf:resource="#_8bbd7e74-ae20-4dce-8780-c20f8e18c2e0_0"/>
    </cim:Terminal>
    <cim:Terminal rdf:about="#_1182d878-2eaa-4eec-91be-ce7b2b1e7f9a">
        <cim:Terminal.TopologicalNode rdf:resource="#_4ba71b59-ee2f-450b-9f7d-cc2f1cc5e386_0"/>
    </cim:Terminal>
    <cim:Terminal rdf:about="#_5b2c65b0-68ce-4530-85b7-385346a3b5e1">
        <cim:Terminal.TopologicalNode rdf:resource="#_69ef0dbd-da79-4eef-a02f-690cb8a28361_3"/>
    </cim:Terminal>
    <cim:Terminal rdf:about="#_70d962fb-a492-4c36-8cad-b5c584df53bd">
        <cim:Terminal.TopologicalNode rdf:resource="#_69ef0dbd-da79-4eef-a02f-690cb8a28361_0"/>
    </cim:Terminal>
    <cim:Terminal rdf:about="#_22af3121-1a66-4546-bd80-4371f417c644">
        <cim:Terminal.TopologicalNode rdf:resource="#_469df5f7-058f-4451-a998-57a48e8a56fe_0"/>
    </cim:Terminal>
    <cim:Terminal rdf:about="#_3fa4866b-1714-4be9-afab-3909ae092016">
        <cim:Terminal.TopologicalNode rdf:resource="#_69ef0dbd-da79-4eef-a02f-690cb8a28361_0"/>
    </cim:Terminal>
    <cim:Terminal rdf:about="#_b741ce25-3f99-4aa8-9b03-d9de0ba6e342">
        <cim:Terminal.TopologicalNode rdf:resource="#_69ef0dbd-da79-4eef-a02f-690cb8a28361_0"/>
    </cim:Terminal>
    <cim:Terminal rdf:about="#_345d8528-1a7e-4245-92d6-15db7a7e3c86">
        <cim:Terminal.TopologicalNode rdf:resource="#_469df5f7-058f-4451-a998-57a48e8a56fe_0"/>
    </cim:Terminal>
    <cim:Terminal rdf:about="#_907dbcfe-2037-4f84-97f1-6e59f782168e">
        <cim:Terminal.TopologicalNode rdf:resource="#_469df5f7-058f-4451-a998-57a48e8a56fe_0"/>
    </cim:Terminal>
    <cim:Terminal rdf:about="#_310c303a-b0ed-4e42-9854-628f34c53d2b">
        <cim:Terminal.TopologicalNode rdf:resource="#_69ef0dbd-da79-4eef-a02f-690cb8a28361_0"/>
    </cim:Terminal>
    <cim:Terminal rdf:about="#_678a3049-afc0-432f-8f53-b30aa71907b2">
        <cim:Terminal.TopologicalNode rdf:resource="#_69ef0dbd-da79-4eef-a02f-690cb8a28361_0"/>
    </cim:Terminal>
    <cim:Terminal rdf:about="#_f392d0d3-47cb-4ec1-925f-b3762d4a787c">
        <cim:Terminal.TopologicalNode rdf:resource="#_929ba893-c9dc-44d7-b1fd-30834bd3ab85_0"/>
    </cim:Terminal>
    <cim:Terminal rdf:about="#_b3bf6cbd-abe8-42b6-95f4-20682475b484">
        <cim:Terminal.TopologicalNode rdf:resource="#_929ba893-c9dc-44d7-b1fd-30834bd3ab85_0"/>
    </cim:Terminal>
    <cim:Terminal rdf:about="#_e57dd4ed-5ea0-4374-9b36-40a294a8e2be">
        <cim:Terminal.TopologicalNode rdf:resource="#_69ef0dbd-da79-4eef-a02f-690cb8a28361_0"/>
    </cim:Terminal>
    <cim:Terminal rdf:about="#_b6e23b90-9c48-4285-ac02-5b68d0c572a6">
        <cim:Terminal.TopologicalNode rdf:resource="#_69ef0dbd-da79-4eef-a02f-690cb8a28361_0"/>
    </cim:Terminal>
    <cim:Terminal rdf:about="#_4bbaf84d-2437-44e1-a56c-e79723370e77">
        <cim:Terminal.TopologicalNode rdf:resource="#_8bbd7e74-ae20-4dce-8780-c20f8e18c2e0_0"/>
    </cim:Terminal>
    <cim:Terminal rdf:about="#_b8bca219-a924-434f-8163-50aae6d486a7">
        <cim:Terminal.TopologicalNode rdf:resource="#_8bbd7e74-ae20-4dce-8780-c20f8e18c2e0_0"/>
    </cim:Terminal>
    <cim:Terminal rdf:about="#_0cca0f16-c476-4a99-b289-d660ff57b891">
        <cim:Terminal.TopologicalNode rdf:resource="#_469df5f7-058f-4451-a998-57a48e8a56fe_0"/>
    </cim:Terminal>
    <cim:Terminal rdf:about="#_36fedfd8-280b-4ee4-b58a-cd2063e5d706">
        <cim:Terminal.TopologicalNode rdf:resource="#_469df5f7-058f-4451-a998-57a48e8a56fe_0"/>
    </cim:Terminal>
    <cim:Terminal rdf:about="#_756dff85-b2c8-4a06-9a4c-4dde854e668b">
        <cim:Terminal.TopologicalNode rdf:resource="#_b10b171b-3bc5-4849-bb1f-61ed9ea1ec7c_0"/>
    </cim:Terminal>
    <cim:Terminal rdf:about="#_3f8b7c82-ca57-401a-9e2d-b719f8c83030">
        <cim:Terminal.TopologicalNode rdf:resource="#_b10b171b-3bc5-4849-bb1f-61ed9ea1ec7c_0"/>
    </cim:Terminal>
    <cim:Terminal rdf:about="#_5c206db8-ef8c-4e53-b2b9-38b52b194c5a">
        <cim:Terminal.TopologicalNode rdf:resource="#_469df5f7-058f-4451-a998-57a48e8a56fe_0"/>
    </cim:Terminal>
    <cim:Terminal rdf:about="#_a45d705f-46f6-4bde-8790-11a762da8c01">
        <cim:Terminal.TopologicalNode rdf:resource="#_469df5f7-058f-4451-a998-57a48e8a56fe_0"/>
    </cim:Terminal>
    <cim:Terminal rdf:about="#_b501caa7-949f-49c6-b4d4-f50ef3625ede">
        <cim:Terminal.TopologicalNode rdf:resource="#_b10b171b-3bc5-4849-bb1f-61ed9ea1ec7c_0"/>
    </cim:Terminal>
    <cim:Terminal rdf:about="#_fd2867a9-0c57-4cf2-acfb-439c4039b06b">
        <cim:Terminal.TopologicalNode rdf:resource="#_b10b171b-3bc5-4849-bb1f-61ed9ea1ec7c_0"/>
    </cim:Terminal>
    <cim:Terminal rdf:about="#_5245aa5c-9600-4632-95db-e981a19ed857">
        <cim:Terminal.TopologicalNode rdf:resource="#_8bbd7e74-ae20-4dce-8780-c20f8e18c2e0_0"/>
    </cim:Terminal>
    <cim:Terminal rdf:about="#_61562178-c201-43c7-b56d-a300ab07c723">
        <cim:Terminal.TopologicalNode rdf:resource="#_8bbd7e74-ae20-4dce-8780-c20f8e18c2e0_0"/>
    </cim:Terminal>
    <cim:Terminal rdf:about="#_042688a6-140f-473c-98f9-94a3cfdc00d3">
        <cim:Terminal.TopologicalNode rdf:resource="#_469df5f7-058f-4451-a998-57a48e8a56fe_0"/>
    </cim:Terminal>
    <cim:Terminal rdf:about="#_6811721b-252c-45fd-8474-6db1e7d5739e">
        <cim:Terminal.TopologicalNode rdf:resource="#_469df5f7-058f-4451-a998-57a48e8a56fe_0"/>
    </cim:Terminal>
    <cim:Terminal rdf:about="#_9f5dbaf3-e384-4e86-9d49-f43c30b4e354">
        <cim:Terminal.TopologicalNode rdf:resource="#_8bbd7e74-ae20-4dce-8780-c20f8e18c2e0_0"/>
    </cim:Terminal>
    <cim:Terminal rdf:about="#_95f1d705-35fa-4102-ba5b-43dfe7a0e0cc">
        <cim:Terminal.TopologicalNode rdf:resource="#_8bbd7e74-ae20-4dce-8780-c20f8e18c2e0_0"/>
    </cim:Terminal>
    <cim:Terminal rdf:about="#_529a048e-7681-4e59-aba1-f7474a562cba">
        <cim:Terminal.TopologicalNode rdf:resource="#_b10b171b-3bc5-4849-bb1f-61ed9ea1ec7c_0"/>
    </cim:Terminal>
    <cim:Terminal rdf:about="#_68d47f87-1a1f-4c63-80ca-d3becb4a47f9">
        <cim:Terminal.TopologicalNode rdf:resource="#_b10b171b-3bc5-4849-bb1f-61ed9ea1ec7c_0"/>
    </cim:Terminal>
    <cim:Terminal rdf:about="#_381fc1a6-63f7-4728-bb84-d4d7fe4f8794">
        <cim:Terminal.TopologicalNode rdf:resource="#_69ef0dbd-da79-4eef-a02f-690cb8a28361_3"/>
    </cim:Terminal>
    <cim:Terminal rdf:about="#_e1e6f751-259f-4182-b4e1-12eba54a54ce">
        <cim:Terminal.TopologicalNode rdf:resource="#_69ef0dbd-da79-4eef-a02f-690cb8a28361_3"/>
    </cim:Terminal>
    <cim:Terminal rdf:about="#_9f984b04-1736-43d2-9122-3a17fc8aea5f">
        <cim:Terminal.TopologicalNode rdf:resource="#_8d8a82ba-b5b0-4e94-861a-192af055f2b8_9"/>
    </cim:Terminal>
    <cim:Terminal rdf:about="#_f04ec73d-b94a-4b7e-a3d6-b1234fc37385">
        <cim:Terminal.TopologicalNode rdf:resource="#_8d8a82ba-b5b0-4e94-861a-192af055f2b8_10"/>
    </cim:Terminal>
    <cim:Terminal rdf:about="#_30aa2972-aafb-4c38-912d-a14867d47cec">
        <cim:Terminal.TopologicalNode rdf:resource="#_b7998ae6-0cc6-4dfe-8fec-0b549b07b6c3_0"/>
    </cim:Terminal>
    <cim:Terminal rdf:about="#_f937c4ac-b9fc-44a2-82a0-99cb34c89974">
        <cim:Terminal.TopologicalNode rdf:resource="#_b7998ae6-0cc6-4dfe-8fec-0b549b07b6c3_0"/>
    </cim:Terminal>
    <cim:Terminal rdf:about="#_8121d4c3-9cb2-47db-b40a-99678602bb2a">
        <cim:Terminal.TopologicalNode rdf:resource="#_d77b61ef-61aa-4b22-95f6-b56ca080788d_0"/>
    </cim:Terminal>
    <cim:Terminal rdf:about="#_5f40c3f7-9540-4e1b-aa97-6553d5524877">
        <cim:Terminal.TopologicalNode rdf:resource="#_d77b61ef-61aa-4b22-95f6-b56ca080788d_1"/>
    </cim:Terminal>
    <cim:Terminal rdf:about="#_14f212ae-bcd8-46ae-9366-11dec9602a01">
        <cim:Terminal.TopologicalNode rdf:resource="#_d77b61ef-61aa-4b22-95f6-b56ca080788d_0"/>
    </cim:Terminal>
    <cim:Terminal rdf:about="#_3c377e5e-65cc-45f1-ba12-e20034df7cb3">
        <cim:Terminal.TopologicalNode rdf:resource="#_d77b61ef-61aa-4b22-95f6-b56ca080788d_0"/>
    </cim:Terminal>
    <cim:Terminal rdf:about="#_e19e01f7-eb9b-4ce5-a6fe-4bb4ef0ce6c3">
        <cim:Terminal.TopologicalNode rdf:resource="#_8d8a82ba-b5b0-4e94-861a-192af055f2b8_1"/>
    </cim:Terminal>
    <cim:Terminal rdf:about="#_28797d21-df04-4be6-806b-3be26b040d6a">
        <cim:Terminal.TopologicalNode rdf:resource="#_8d8a82ba-b5b0-4e94-861a-192af055f2b8_1"/>
    </cim:Terminal>
    <cim:Terminal rdf:about="#_790df530-60c7-40bc-be5f-f90e9c65bab4">
        <cim:Terminal.TopologicalNode rdf:resource="#_b7998ae6-0cc6-4dfe-8fec-0b549b07b6c3_0"/>
    </cim:Terminal>
    <cim:Terminal rdf:about="#_7a7fd92b-1aaf-49de-b609-1d640e63d49f">
        <cim:Terminal.TopologicalNode rdf:resource="#_b7998ae6-0cc6-4dfe-8fec-0b549b07b6c3_0"/>
    </cim:Terminal>
    <cim:Terminal rdf:about="#_c9dbf281-e788-4084-b268-3b5a9473ad72">
        <cim:Terminal.TopologicalNode rdf:resource="#_d77b61ef-61aa-4b22-95f6-b56ca080788d_0"/>
    </cim:Terminal>
    <cim:Terminal rdf:about="#_abc40269-5f9a-4b13-a5a5-8e3b3929eff5">
        <cim:Terminal.TopologicalNode rdf:resource="#_d77b61ef-61aa-4b22-95f6-b56ca080788d_0"/>
    </cim:Terminal>
    <cim:Terminal rdf:about="#_7fae7c9d-952f-4321-830d-aa667d21969d">
        <cim:Terminal.TopologicalNode rdf:resource="#_8d8a82ba-b5b0-4e94-861a-192af055f2b8_0"/>
    </cim:Terminal>
    <cim:Terminal rdf:about="#_3179d96c-7ecd-4f8a-b3f0-f24b62a16e87">
        <cim:Terminal.TopologicalNode rdf:resource="#_8d8a82ba-b5b0-4e94-861a-192af055f2b8_0"/>
    </cim:Terminal>
    <cim:Terminal rdf:about="#_74039a16-da9d-46dd-a4f1-dd65fbb09ec4">
        <cim:Terminal.TopologicalNode rdf:resource="#_d77b61ef-61aa-4b22-95f6-b56ca080788d_0"/>
    </cim:Terminal>
    <cim:Terminal rdf:about="#_e12338f8-6e9e-4d06-a29a-e12bdd7bd4d7">
        <cim:Terminal.TopologicalNode rdf:resource="#_d77b61ef-61aa-4b22-95f6-b56ca080788d_0"/>
    </cim:Terminal>
    <cim:Terminal rdf:about="#_9fc1ca1a-bb62-4982-9358-fa9b4ac5564d">
        <cim:Terminal.TopologicalNode rdf:resource="#_d77b61ef-61aa-4b22-95f6-b56ca080788d_1"/>
    </cim:Terminal>
    <cim:Terminal rdf:about="#_eedefa27-de13-4e6f-91a3-42aa86b539d6">
        <cim:Terminal.TopologicalNode rdf:resource="#_d77b61ef-61aa-4b22-95f6-b56ca080788d_1"/>
    </cim:Terminal>
    <cim:Terminal rdf:about="#_41b735f7-da62-4bd3-ac98-fbdec24baeac">
        <cim:Terminal.TopologicalNode rdf:resource="#_b7998ae6-0cc6-4dfe-8fec-0b549b07b6c3_0"/>
    </cim:Terminal>
    <cim:Terminal rdf:about="#_85ceec9c-21a9-4ef2-b7b0-c2bb9552e799">
        <cim:Terminal.TopologicalNode rdf:resource="#_b7998ae6-0cc6-4dfe-8fec-0b549b07b6c3_0"/>
    </cim:Terminal>
</rdf:RDF>
